packet_length,src_port,dst_port,tcp_syn_flag,tcp_ack_flag,label
1295,24115,21,0,1,0
52,20610,80,1,0,1
71,30192,80,1,0,0
65,38322,3389,0,1,0
54,62831,22,1,0,1
1453,51122,993,0,1,0
213,30099,8443,0,1,0
67,50036,80,1,0,0
1125,62219,143,0,1,0
62,64956,8080,1,0,0
50,20501,22,1,0,1
71,57621,80,0,1,0
1235,17813,21,0,1,0
65,27456,25,1,0,0
51,20541,22,1,0,1
70,20918,80,0,1,0
58,6674,8080,0,1,0
43,61824,443,1,0,1
63,40978,22,1,0,0
67,9154,25,1,0,0
66,8443,27167,1,1,0
49,38198,22,1,0,1
49,21071,443,1,0,1
92,57172,25,0,1,0
52,8716,443,1,0,1
51,28097,443,1,0,1
1289,1643,110,0,1,0
51,62925,80,1,0,1
52,33837,443,1,0,1
47,1410,80,1,0,1
46,24470,443,1,0,1
45,21975,80,1,0,1
44,42780,443,1,0,1
294,58301,110,0,1,0
67,4108,993,0,1,0
63,53945,25,1,0,0
53,53420,22,1,0,1
70,14353,80,0,1,0
49,29044,443,1,0,1
95,28118,110,0,1,0
57,21199,8443,0,1,0
693,31397,8080,0,1,0
70,60299,21,1,0,0
50,35370,443,1,0,1
40,8068,443,1,0,1
45,38146,443,1,0,1
43,61114,443,1,0,1
53,33373,22,1,0,1
885,25496,3389,0,1,0
67,11990,80,1,0,0
510,37600,8080,0,1,0
397,45323,80,0,1,0
582,45120,22,0,1,0
52,8250,443,1,0,1
50,45698,80,1,0,1
40,10435,80,1,0,1
51,33863,3389,1,0,1
41,52007,443,1,0,1
1331,6930,21,0,1,0
40,23473,80,1,0,1
49,62007,80,1,0,1
99,35830,80,0,1,0
51,39917,443,1,0,1
43,29924,80,1,0,1
582,34422,25,0,1,0
43,35624,3389,1,0,1
42,46196,80,1,0,1
43,53161,443,1,0,1
573,13169,22,0,1,0
60,29040,25,1,0,0
42,19256,80,1,0,1
48,65009,443,1,0,1
61,45779,25,0,1,0
76,20047,25,0,1,0
42,64330,443,1,0,1
550,40347,110,0,1,0
69,59121,80,1,0,0
72,25,26583,1,1,0
78,23116,443,0,1,0
71,80,3163,1,1,0
46,48630,443,1,0,1
53,41416,80,1,0,1
49,42008,443,1,0,1
66,5024,21,1,0,0
63,8080,63720,1,1,0
53,58647,22,1,0,1
62,443,27612,1,1,0
48,55314,80,1,0,1
51,17474,3389,1,0,1
98,33040,8443,0,1,0
92,48706,443,0,1,0
55,17021,22,0,1,0
46,51973,80,1,0,1
65,22376,110,1,0,0
71,8443,57901,1,1,0
41,26159,80,1,0,1
965,6379,443,0,1,0
1082,52943,22,0,1,0
67,993,12769,1,1,0
67,33769,21,1,0,0
83,26879,8443,0,1,0
471,59651,8443,0,1,0
52,59129,3389,1,0,1
44,50104,443,1,0,1
1213,47657,8443,0,1,0
48,8536,80,1,0,1
61,1514,21,0,1,0
47,45677,80,1,0,1
1235,65377,443,0,1,0
84,44024,80,0,1,0
65,11778,53,0,1,0
45,11561,443,1,0,1
96,17398,110,0,1,0
40,51927,22,1,0,1
63,43699,25,1,0,0
65,33918,21,0,1,0
72,25,15687,1,1,0
1296,31624,443,0,1,0
624,52742,8080,0,1,0
845,7498,8443,0,1,0
52,51866,80,1,0,1
526,48682,53,0,1,0
52,23539,3389,1,0,1
53,54394,443,1,0,1
43,5559,80,1,0,1
50,30096,443,1,0,1
49,4799,80,1,0,1
71,21,25884,1,1,0
51,18596,80,1,0,1
1324,25451,143,0,1,0
51,43471,443,1,0,1
53,30906,80,1,0,1
54,7810,443,1,0,1
46,64357,22,1,0,1
259,3281,110,0,1,0
40,30783,443,1,0,1
41,10410,443,1,0,1
73,26755,3389,1,0,0
71,46705,21,1,0,0
501,47544,53,0,1,0
85,48709,8443,0,1,0
68,80,56529,1,1,0
54,1456,80,1,0,1
43,1808,22,1,0,1
1399,64088,22,0,1,0
61,443,11730,1,1,0
72,57368,3389,0,1,0
65,4941,22,0,1,0
299,18863,110,0,1,0
50,56785,22,1,0,1
85,47303,110,0,1,0
40,64642,80,1,0,1
286,15591,53,0,1,0
979,49790,3389,0,1,0
42,51836,443,1,0,1
96,4356,22,0,1,0
697,37051,53,0,1,0
53,26152,80,1,0,1
74,60350,443,1,0,0
520,10453,21,0,1,0
48,52598,80,1,0,1
1243,34026,21,0,1,0
60,10459,143,1,0,0
77,7078,3389,0,1,0
42,10056,443,1,0,1
50,28766,3389,1,0,1
1145,11600,3389,0,1,0
63,60055,53,1,0,0
51,11744,80,1,0,1
48,19181,22,1,0,1
71,46976,25,1,0,0
1444,18538,80,0,1,0
71,27814,143,1,0,0
46,42500,443,1,0,1
52,26303,80,1,0,1
41,29311,22,1,0,1
40,3905,80,1,0,1
47,53856,80,1,0,1
68,46850,8080,0,1,0
46,63820,80,1,0,1
1213,24156,143,0,1,0
52,48137,443,1,0,1
43,38945,80,1,0,1
51,25807,80,1,0,1
54,14587,443,1,0,1
57,51088,110,0,1,0
40,45796,80,1,0,1
70,43505,110,0,1,0
49,16106,80,1,0,1
504,18932,110,0,1,0
1015,35611,110,0,1,0
53,56288,3389,1,0,1
91,62776,25,0,1,0
44,22999,80,1,0,1
58,28179,80,0,1,0
1174,35912,8443,0,1,0
48,23106,22,1,0,1
54,49159,80,1,0,1
45,29096,80,1,0,1
360,52979,21,0,1,0
97,17691,25,0,1,0
40,12827,80,1,0,1
45,56514,80,1,0,1
49,11662,80,1,0,1
81,38017,25,0,1,0
40,65121,443,1,0,1
51,34182,80,1,0,1
510,20864,443,0,1,0
42,55328,443,1,0,1
516,8180,21,0,1,0
46,18164,80,1,0,1
71,6825,53,1,0,0
61,3389,4248,1,1,0
85,30793,8080,0,1,0
49,59450,22,1,0,1
59,27244,53,0,1,0
79,20006,8443,0,1,0
43,24389,3389,1,0,1
52,18845,22,1,0,1
49,33566,443,1,0,1
40,46995,80,1,0,1
64,443,27455,1,1,0
53,51369,80,1,0,1
42,26409,3389,1,0,1
70,52744,443,0,1,0
75,57719,8080,0,1,0
401,64139,25,0,1,0
44,37608,443,1,0,1
62,32997,21,0,1,0
69,53812,80,1,0,0
740,59185,80,0,1,0
67,2629,110,0,1,0
48,26487,443,1,0,1
52,36189,443,1,0,1
72,80,30265,1,1,0
50,21590,80,1,0,1
780,16741,8443,0,1,0
53,24231,80,1,0,1
51,18031,80,1,0,1
45,53156,443,1,0,1
40,17489,443,1,0,1
69,8424,21,1,0,0
90,5678,8443,0,1,0
60,57982,993,1,0,0
47,49915,3389,1,0,1
48,29726,443,1,0,1
60,80,48662,1,1,0
58,52541,993,0,1,0
42,11231,22,1,0,1
88,30289,25,0,1,0
64,45667,993,0,1,0
48,61228,80,1,0,1
88,48999,443,0,1,0
549,45203,22,0,1,0
714,64946,443,0,1,0
48,55935,22,1,0,1
60,10841,53,1,0,0
1367,29596,143,0,1,0
40,25903,80,1,0,1
1085,23231,53,0,1,0
1406,28834,110,0,1,0
399,16295,143,0,1,0
716,11675,80,0,1,0
73,41794,143,1,0,0
73,39673,110,1,0,0
90,49689,143,0,1,0
52,27013,80,1,0,1
54,55321,443,1,0,1
52,14430,22,1,0,1
53,40352,3389,1,0,1
62,25490,22,1,0,0
73,14953,110,0,1,0
52,30347,80,1,0,1
47,32274,80,1,0,1
69,49120,80,1,0,0
442,39035,80,0,1,0
43,3284,443,1,0,1
517,18567,25,0,1,0
53,34741,80,1,0,1
60,53099,110,1,0,0
48,57935,443,1,0,1
1439,14917,443,0,1,0
93,1090,25,0,1,0
1194,43751,8443,0,1,0
84,41590,80,0,1,0
500,51976,8443,0,1,0
315,9515,53,0,1,0
54,39749,3389,1,0,1
45,41635,80,1,0,1
41,36181,443,1,0,1
40,24262,3389,1,0,1
49,57198,443,1,0,1
68,8443,55639,1,1,0
503,25974,25,0,1,0
42,11997,443,1,0,1
42,24426,443,1,0,1
49,47790,22,1,0,1
1224,35634,110,0,1,0
41,43119,443,1,0,1
67,63358,3389,0,1,0
1168,25866,3389,0,1,0
1177,13476,8443,0,1,0
40,24506,3389,1,0,1
60,110,63194,1,1,0
53,36391,80,1,0,1
75,9344,3389,0,1,0
41,25533,80,1,0,1
96,38869,443,0,1,0
48,36781,80,1,0,1
1080,61638,53,0,1,0
52,50102,80,1,0,1
1092,63877,3389,0,1,0
1237,13204,110,0,1,0
74,3389,6319,1,1,0
54,1279,80,1,0,1
1198,28740,25,0,1,0
66,38969,25,1,0,0
1131,27610,22,0,1,0
69,34163,25,0,1,0
762,5237,22,0,1,0
619,27967,22,0,1,0
45,60045,443,1,0,1
817,31678,8443,0,1,0
45,59080,443,1,0,1
51,38787,80,1,0,1
40,18842,80,1,0,1
74,3389,27409,1,1,0
207,53659,8080,0,1,0
47,45536,80,1,0,1
53,31868,80,1,0,1
40,57431,22,1,0,1
80,6825,993,0,1,0
48,36292,80,1,0,1
44,41915,443,1,0,1
41,4622,80,1,0,1
391,35806,443,0,1,0
1200,3200,8080,0,1,0
65,20555,443,1,0,0
53,15804,80,1,0,1
40,24298,80,1,0,1
60,21,59653,1,1,0
1352,35488,110,0,1,0
430,48992,3389,0,1,0
72,110,45883,1,1,0
42,37680,80,1,0,1
71,45261,8443,0,1,0
84,31459,110,0,1,0
46,38833,80,1,0,1
93,32129,22,0,1,0
66,12962,143,1,0,0
53,27742,3389,1,0,1
1243,46510,21,0,1,0
49,64042,80,1,0,1
52,13036,3389,1,0,1
43,54595,22,1,0,1
44,3714,80,1,0,1
40,16090,3389,1,0,1
42,8518,80,1,0,1
67,51360,110,1,0,0
49,20952,80,1,0,1
83,47712,993,0,1,0
1184,35950,8443,0,1,0
849,63005,110,0,1,0
58,1822,8080,0,1,0
1341,9791,53,0,1,0
50,30093,443,1,0,1
45,28097,3389,1,0,1
662,23464,22,0,1,0
54,16887,443,1,0,1
1167,3919,110,0,1,0
88,47056,8443,0,1,0
41,29579,22,1,0,1
47,15284,443,1,0,1
74,8080,47789,1,1,0
51,42949,22,1,0,1
47,37808,80,1,0,1
73,22,12724,1,1,0
65,12547,443,0,1,0
49,40681,80,1,0,1
44,5263,80,1,0,1
45,3600,443,1,0,1
87,29331,21,0,1,0
51,10028,80,1,0,1
47,61603,80,1,0,1
535,55336,8080,0,1,0
53,62289,80,1,0,1
45,25585,80,1,0,1
67,51156,80,1,0,0
45,9142,443,1,0,1
54,62707,80,1,0,1
54,13366,22,1,0,1
63,45154,22,0,1,0
53,30289,80,1,0,1
1141,61225,110,0,1,0
43,8995,3389,1,0,1
819,32054,110,0,1,0
45,25738,80,1,0,1
73,3392,8080,1,0,0
54,15659,443,1,0,1
49,4846,80,1,0,1
49,31693,443,1,0,1
68,20605,80,0,1,0
48,30826,443,1,0,1
83,40910,443,0,1,0
72,15311,143,0,1,0
1340,31410,25,0,1,0
54,50916,3389,1,0,1
592,24384,8443,0,1,0
51,3614,80,1,0,1
61,15530,80,0,1,0
48,58670,22,1,0,1
61,23701,80,1,0,0
49,25839,22,1,0,1
47,18230,80,1,0,1
635,36229,25,0,1,0
90,11337,8443,0,1,0
1423,11374,110,0,1,0
47,58819,80,1,0,1
47,60836,443,1,0,1
43,48169,80,1,0,1
54,17503,80,1,0,1
46,61004,443,1,0,1
913,36316,53,0,1,0
1102,62634,8443,0,1,0
72,22257,22,1,0,0
44,34778,443,1,0,1
92,50772,143,0,1,0
67,12540,443,1,0,0
54,26084,3389,1,0,1
48,58280,443,1,0,1
57,15629,22,0,1,0
65,27556,8443,0,1,0
53,39760,443,1,0,1
1221,28906,80,0,1,0
277,48615,25,0,1,0
44,25556,22,1,0,1
66,80,37790,1,1,0
52,40221,443,1,0,1
600,25197,22,0,1,0
43,56425,80,1,0,1
69,22,23914,1,1,0
348,59955,53,0,1,0
819,53804,3389,0,1,0
53,21396,22,1,0,1
54,47650,443,1,0,1
52,14104,80,1,0,1
74,52317,8080,1,0,0
800,23818,25,0,1,0
45,47593,80,1,0,1
86,15404,22,0,1,0
50,36477,80,1,0,1
44,60918,443,1,0,1
254,38796,80,0,1,0
47,51830,443,1,0,1
62,35674,993,0,1,0
41,11271,3389,1,0,1
63,25,42020,1,1,0
47,26929,443,1,0,1
621,1300,110,0,1,0
65,26375,3389,1,0,0
60,61716,110,1,0,0
68,993,64876,1,1,0
46,8049,443,1,0,1
63,27670,21,1,0,0
48,8522,443,1,0,1
46,14431,443,1,0,1
83,18030,21,0,1,0
231,59609,8080,0,1,0
1148,11235,8443,0,1,0
478,42340,110,0,1,0
41,26132,443,1,0,1
51,3424,443,1,0,1
49,33559,443,1,0,1
1320,45740,21,0,1,0
86,62882,8443,0,1,0
46,15104,80,1,0,1
48,29858,80,1,0,1
53,23690,80,1,0,1
631,35797,8443,0,1,0
55,20089,993,0,1,0
1289,59011,8080,0,1,0
44,21308,443,1,0,1
52,9768,443,1,0,1
48,24904,22,1,0,1
48,62638,80,1,0,1
44,28282,443,1,0,1
969,2164,110,0,1,0
977,46919,25,0,1,0
77,9707,22,0,1,0
64,36767,25,1,0,0
51,62087,443,1,0,1
68,19564,25,1,0,0
53,59619,80,1,0,1
709,21155,8080,0,1,0
66,35973,993,0,1,0
95,40908,53,0,1,0
48,60808,80,1,0,1
284,39416,993,0,1,0
67,36331,993,1,0,0
55,48669,53,0,1,0
75,60149,110,0,1,0
46,46614,80,1,0,1
41,57919,80,1,0,1
49,28940,443,1,0,1
46,50286,80,1,0,1
73,3389,18797,1,1,0
1098,3832,25,0,1,0
89,14823,443,0,1,0
859,59307,22,0,1,0
1008,50702,21,0,1,0
46,23139,443,1,0,1
61,3389,24043,1,1,0
45,63010,80,1,0,1
43,63600,443,1,0,1
43,65397,80,1,0,1
41,41730,80,1,0,1
41,39188,80,1,0,1
40,62755,80,1,0,1
52,36901,443,1,0,1
42,39357,443,1,0,1
44,2995,80,1,0,1
49,41847,80,1,0,1
66,53346,22,1,0,0
472,40978,993,0,1,0
60,49491,3389,0,1,0
871,61326,3389,0,1,0
62,143,26845,1,1,0
62,993,27053,1,1,0
48,12744,443,1,0,1
41,37867,443,1,0,1
61,58823,143,1,0,0
65,5038,53,1,0,0
1214,40782,53,0,1,0
74,41888,8443,1,0,0
47,14878,80,1,0,1
606,14491,110,0,1,0
919,49539,443,0,1,0
1347,52246,21,0,1,0
839,51105,8080,0,1,0
50,10662,443,1,0,1
41,62525,443,1,0,1
731,22631,993,0,1,0
55,10154,8080,0,1,0
68,5804,25,1,0,0
46,36822,80,1,0,1
51,5326,80,1,0,1
42,12990,80,1,0,1
69,36717,3389,0,1,0
1331,7615,21,0,1,0
79,49246,25,0,1,0
49,53195,443,1,0,1
62,53,6679,1,1,0
40,8665,22,1,0,1
46,30108,80,1,0,1
51,27172,80,1,0,1
53,65206,3389,1,0,1
1219,48401,80,0,1,0
41,57332,443,1,0,1
65,15342,80,0,1,0
42,43669,443,1,0,1
45,16619,80,1,0,1
41,65339,443,1,0,1
808,6869,25,0,1,0
42,4488,443,1,0,1
50,20067,80,1,0,1
67,57505,3389,0,1,0
54,60646,443,1,0,1
47,57238,80,1,0,1
43,63413,80,1,0,1
60,3389,7178,1,1,0
51,5047,80,1,0,1
62,110,47705,1,1,0
52,54460,80,1,0,1
44,47069,80,1,0,1
66,24214,8443,1,0,0
65,21174,22,1,0,0
84,6627,25,0,1,0
80,55907,53,0,1,0
53,44768,80,1,0,1
48,57961,80,1,0,1
53,8656,80,1,0,1
40,6806,80,1,0,1
54,39665,443,1,0,1
82,40429,443,0,1,0
68,33344,8443,1,0,0
53,1343,80,1,0,1
73,5640,993,0,1,0
1040,38006,110,0,1,0
77,52437,21,0,1,0
43,33338,443,1,0,1
926,5881,53,0,1,0
53,46565,443,1,0,1
49,34026,443,1,0,1
53,63561,443,1,0,1
99,45602,110,0,1,0
41,59022,22,1,0,1
40,10498,80,1,0,1
43,38269,443,1,0,1
840,9040,110,0,1,0
44,2098,22,1,0,1
67,55122,53,1,0,0
67,40644,22,0,1,0
44,17582,443,1,0,1
95,62099,993,0,1,0
1027,3376,53,0,1,0
45,58137,443,1,0,1
52,46212,3389,1,0,1
42,63989,80,1,0,1
54,18944,80,1,0,1
45,17703,80,1,0,1
67,44428,3389,1,0,0
44,40768,22,1,0,1
46,21970,3389,1,0,1
221,27979,22,0,1,0
398,6842,80,0,1,0
40,51553,443,1,0,1
46,24081,80,1,0,1
483,5991,143,0,1,0
97,1244,3389,0,1,0
560,39999,993,0,1,0
50,38933,443,1,0,1
307,6817,8443,0,1,0
45,43346,443,1,0,1
329,13893,8443,0,1,0
52,18756,80,1,0,1
53,60985,3389,1,0,1
63,143,50170,1,1,0
675,26375,110,0,1,0
70,1752,110,1,0,0
48,16511,443,1,0,1
59,21249,21,0,1,0
69,47199,110,1,0,0
41,1097,22,1,0,1
1354,43589,22,0,1,0
61,18530,25,1,0,0
72,443,18626,1,1,0
41,21336,443,1,0,1
43,58709,443,1,0,1
50,47636,443,1,0,1
63,8443,37468,1,1,0
1441,7368,53,0,1,0
746,35465,8080,0,1,0
53,43242,443,1,0,1
363,34864,8080,0,1,0
47,3794,80,1,0,1
49,2780,80,1,0,1
60,8443,34780,1,1,0
52,44056,22,1,0,1
1087,23381,143,0,1,0
47,36079,443,1,0,1
563,29035,110,0,1,0
42,50201,80,1,0,1
863,60710,8080,0,1,0
49,45102,443,1,0,1
1451,20635,21,0,1,0
40,15712,443,1,0,1
753,55213,8080,0,1,0
44,10268,80,1,0,1
52,33568,80,1,0,1
61,32210,53,0,1,0
41,48623,3389,1,0,1
40,16950,80,1,0,1
45,3935,443,1,0,1
336,55360,3389,0,1,0
41,18142,80,1,0,1
63,28593,22,1,0,0
43,13636,80,1,0,1
1332,32457,443,0,1,0
47,54688,443,1,0,1
65,4733,22,1,0,0
1170,27673,25,0,1,0
328,25346,80,0,1,0
404,45888,3389,0,1,0
74,37878,143,0,1,0
45,61716,80,1,0,1
71,47209,110,1,0,0
73,15623,25,1,0,0
41,37451,3389,1,0,1
1309,28257,22,0,1,0
49,11471,443,1,0,1
56,62271,110,0,1,0
65,8443,10540,1,1,0
1383,54516,8080,0,1,0
49,38295,443,1,0,1
1351,38315,3389,0,1,0
60,26340,22,1,0,0
89,64104,80,0,1,0
93,22497,53,0,1,0
57,6553,21,0,1,0
1239,20053,21,0,1,0
978,15873,53,0,1,0
48,37159,443,1,0,1
50,39620,443,1,0,1
1377,19308,22,0,1,0
48,37599,22,1,0,1
95,18198,8443,0,1,0
282,64215,8080,0,1,0
408,21204,143,0,1,0
46,48391,80,1,0,1
52,55241,80,1,0,1
44,28681,80,1,0,1
1395,1364,8080,0,1,0
1021,17235,993,0,1,0
53,63747,80,1,0,1
62,51840,8443,1,0,0
67,63880,22,1,0,0
559,62226,443,0,1,0
209,53875,993,0,1,0
41,19188,443,1,0,1
68,29964,443,1,0,0
43,14434,443,1,0,1
72,443,28107,1,1,0
53,58633,3389,1,0,1
1019,20726,25,0,1,0
65,21676,8080,1,0,0
62,31048,25,0,1,0
372,56320,443,0,1,0
94,13964,25,0,1,0
48,24407,80,1,0,1
43,20539,443,1,0,1
64,53437,8443,0,1,0
53,30205,80,1,0,1
1279,3514,21,0,1,0
44,2583,80,1,0,1
70,21515,143,1,0,0
1055,25321,80,0,1,0
52,39668,80,1,0,1
65,37419,25,1,0,0
972,65424,3389,0,1,0
54,27201,80,1,0,1
547,56592,22,0,1,0
698,24806,143,0,1,0
41,37811,443,1,0,1
43,57204,3389,1,0,1
54,6631,3389,1,0,1
46,43647,443,1,0,1
47,34995,80,1,0,1
42,62873,3389,1,0,1
41,24226,443,1,0,1
40,49182,80,1,0,1
59,43743,21,0,1,0
699,45883,110,0,1,0
66,29202,80,1,0,0
41,22761,443,1,0,1
809,48856,53,0,1,0
71,22,33371,1,1,0
41,23515,80,1,0,1
654,14416,143,0,1,0
46,26242,443,1,0,1
46,21526,443,1,0,1
43,45778,443,1,0,1
45,6217,80,1,0,1
435,52060,22,0,1,0
70,3389,15883,1,1,0
74,23861,21,0,1,0
46,26127,22,1,0,1
41,18825,443,1,0,1
939,52192,8443,0,1,0
44,32839,80,1,0,1
96,37710,25,0,1,0
55,40891,53,0,1,0
1170,12801,3389,0,1,0
59,52224,993,0,1,0
323,15146,110,0,1,0
50,34714,80,1,0,1
596,49535,21,0,1,0
1135,26396,8080,0,1,0
72,45714,80,1,0,0
47,15612,443,1,0,1
41,59265,443,1,0,1
70,56795,22,1,0,0
45,44142,80,1,0,1
1044,64695,3389,0,1,0
46,50268,443,1,0,1
1283,20823,80,0,1,0
50,29106,80,1,0,1
71,55045,443,1,0,0
44,10396,80,1,0,1
46,37258,80,1,0,1
83,28880,3389,0,1,0
73,6620,53,0,1,0
86,35576,21,0,1,0
257,51615,3389,0,1,0
49,26769,80,1,0,1
91,16264,8443,0,1,0
54,22971,22,1,0,1
81,33191,8443,0,1,0
50,63433,80,1,0,1
53,21919,80,1,0,1
52,12109,80,1,0,1
48,1353,80,1,0,1
87,35948,25,0,1,0
43,65152,443,1,0,1
613,6609,80,0,1,0
63,35006,3389,1,0,0
47,13545,80,1,0,1
669,19043,110,0,1,0
72,20806,80,0,1,0
67,50180,80,1,0,0
48,62353,3389,1,0,1
64,52909,25,1,0,0
68,41605,8080,0,1,0
1386,32361,110,0,1,0
52,14309,443,1,0,1
453,8504,3389,0,1,0
301,64263,22,0,1,0
65,51666,25,0,1,0
67,143,51441,1,1,0
875,19084,110,0,1,0
51,54636,80,1,0,1
64,3957,443,0,1,0
40,59956,22,1,0,1
49,61034,80,1,0,1
42,16612,80,1,0,1
40,12849,443,1,0,1
54,10489,443,1,0,1
56,43622,993,0,1,0
1236,11910,22,0,1,0
50,63904,80,1,0,1
50,15150,80,1,0,1
41,17729,80,1,0,1
1368,15400,80,0,1,0
69,45102,8443,1,0,0
82,65204,22,0,1,0
714,38520,993,0,1,0
40,32177,80,1,0,1
66,2097,443,0,1,0
52,19129,443,1,0,1
51,56176,443,1,0,1
44,52705,80,1,0,1
41,12183,80,1,0,1
52,49672,443,1,0,1
488,60369,143,0,1,0
65,32313,25,1,0,0
91,35653,25,0,1,0
42,52036,80,1,0,1
60,62981,443,0,1,0
95,5962,993,0,1,0
73,22,45593,1,1,0
69,5519,443,1,0,0
47,24596,443,1,0,1
620,42651,110,0,1,0
49,15403,80,1,0,1
44,7357,80,1,0,1
54,4068,80,1,0,1
1135,10301,53,0,1,0
69,38865,110,1,0,0
43,3126,80,1,0,1
73,50309,443,1,0,0
71,443,5157,1,1,0
51,12930,443,1,0,1
313,53906,80,0,1,0
60,40322,53,1,0,0
43,39992,80,1,0,1
402,32921,993,0,1,0
47,32236,443,1,0,1
43,51637,443,1,0,1
65,80,27684,1,1,0
70,40956,21,0,1,0
66,25131,22,1,0,0
48,65446,443,1,0,1
62,7755,143,1,0,0
41,22275,80,1,0,1
65,47294,25,0,1,0
1170,31523,443,0,1,0
77,26303,143,0,1,0
41,64856,22,1,0,1
50,38204,22,1,0,1
47,60762,443,1,0,1
793,30713,25,0,1,0
95,32694,25,0,1,0
48,28138,80,1,0,1
47,5955,22,1,0,1
50,47859,80,1,0,1
64,3389,62823,1,1,0
88,9243,143,0,1,0
43,5995,443,1,0,1
50,14500,80,1,0,1
51,49913,443,1,0,1
46,25587,443,1,0,1
54,18153,80,1,0,1
62,35481,80,0,1,0
53,34025,22,1,0,1
43,50843,80,1,0,1
40,64003,443,1,0,1
69,6261,8080,1,0,0
52,11014,80,1,0,1
46,2867,443,1,0,1
52,47348,443,1,0,1
49,42566,3389,1,0,1
42,12719,80,1,0,1
54,21836,80,1,0,1
51,30763,22,1,0,1
51,44375,3389,1,0,1
45,14857,80,1,0,1
50,1714,443,1,0,1
981,17640,143,0,1,0
49,23104,22,1,0,1
50,13587,80,1,0,1
61,8080,22828,1,1,0
52,65339,3389,1,0,1
311,35740,3389,0,1,0
1204,18882,143,0,1,0
49,64981,80,1,0,1
45,5126,80,1,0,1
58,47182,993,0,1,0
47,29834,80,1,0,1
426,6856,993,0,1,0
69,443,20153,1,1,0
50,60160,80,1,0,1
51,46905,80,1,0,1
53,32134,80,1,0,1
70,53,4996,1,1,0
43,11435,80,1,0,1
73,28801,25,0,1,0
40,9508,443,1,0,1
213,46738,25,0,1,0
41,54607,22,1,0,1
45,41745,22,1,0,1
1233,5936,21,0,1,0
41,25284,443,1,0,1
86,45683,110,0,1,0
41,24308,80,1,0,1
49,10446,443,1,0,1
60,22713,993,1,0,0
64,13185,21,1,0,0
68,30148,8080,1,0,0
80,57862,443,0,1,0
652,1382,3389,0,1,0
88,62527,22,0,1,0
46,46671,443,1,0,1
73,19095,110,1,0,0
90,49964,443,0,1,0
50,46464,80,1,0,1
486,16096,143,0,1,0
53,62944,80,1,0,1
47,11081,443,1,0,1
51,39643,443,1,0,1
51,52468,80,1,0,1
81,22733,993,0,1,0
48,54705,443,1,0,1
341,28715,21,0,1,0
42,9174,80,1,0,1
96,19279,80,0,1,0
48,26761,80,1,0,1
44,55115,80,1,0,1
71,18979,25,1,0,0
75,42934,21,0,1,0
68,80,31244,1,1,0
42,32041,443,1,0,1
51,17384,443,1,0,1
472,16230,8080,0,1,0
1262,49820,443,0,1,0
44,17901,80,1,0,1
68,37760,993,0,1,0
323,13437,3389,0,1,0
42,7326,80,1,0,1
65,20409,993,0,1,0
45,12375,3389,1,0,1
55,38753,8080,0,1,0
73,8061,110,0,1,0
48,52113,80,1,0,1
43,49724,443,1,0,1
54,55182,443,1,0,1
70,56780,8443,0,1,0
43,4154,443,1,0,1
43,36081,443,1,0,1
47,5536,80,1,0,1
43,64686,3389,1,0,1
44,65029,80,1,0,1
54,57272,80,1,0,1
48,35209,443,1,0,1
899,1809,80,0,1,0
53,34552,443,1,0,1
890,56422,443,0,1,0
66,143,58396,1,1,0
89,55697,22,0,1,0
40,41792,80,1,0,1
54,14793,80,1,0,1
49,23845,3389,1,0,1
48,60688,22,1,0,1
41,21461,80,1,0,1
40,54993,3389,1,0,1
46,51008,3389,1,0,1
45,39386,80,1,0,1
70,8443,20647,1,1,0
218,6762,8443,0,1,0
831,20667,143,0,1,0
62,39537,8080,1,0,0
93,2399,53,0,1,0
41,52054,443,1,0,1
51,35253,443,1,0,1
846,59632,22,0,1,0
50,24796,443,1,0,1
66,53,62812,1,1,0
53,23281,80,1,0,1
43,18814,80,1,0,1
74,49771,53,1,0,0
46,28825,443,1,0,1
47,46662,443,1,0,1
49,44771,80,1,0,1
54,17685,443,1,0,1
54,12043,80,1,0,1
41,46847,443,1,0,1
507,18397,443,0,1,0
88,52439,25,0,1,0
46,14542,22,1,0,1
40,52696,80,1,0,1
86,65136,53,0,1,0
45,37406,443,1,0,1
54,16076,80,1,0,1
68,61966,21,0,1,0
1307,12762,21,0,1,0
46,24695,80,1,0,1
42,50071,22,1,0,1
49,49018,80,1,0,1
1434,36572,3389,0,1,0
99,42880,8080,0,1,0
437,10939,53,0,1,0
52,38557,443,1,0,1
1414,9223,22,0,1,0
43,37748,22,1,0,1
52,61032,80,1,0,1
73,16509,443,1,0,0
659,26256,110,0,1,0
42,44218,443,1,0,1
40,62056,22,1,0,1
65,110,6469,1,1,0
70,110,10927,1,1,0
40,61887,80,1,0,1
60,35723,443,1,0,0
1384,19975,21,0,1,0
54,65163,80,1,0,1
577,61643,53,0,1,0
62,36485,993,0,1,0
74,143,22219,1,1,0
43,3621,80,1,0,1
84,36991,443,0,1,0
67,80,54106,1,1,0
94,26488,8443,0,1,0
41,21020,80,1,0,1
54,40308,443,1,0,1
66,51930,53,0,1,0
62,25,9736,1,1,0
758,48522,143,0,1,0
653,11540,8080,0,1,0
594,52411,110,0,1,0
49,13804,80,1,0,1
78,51280,21,0,1,0
48,43345,443,1,0,1
47,31555,80,1,0,1
50,56186,80,1,0,1
71,59037,110,0,1,0
42,27879,80,1,0,1
68,10557,53,0,1,0
45,23433,80,1,0,1
67,9359,80,1,0,0
41,57267,443,1,0,1
85,59885,443,0,1,0
48,16480,443,1,0,1
604,6866,80,0,1,0
760,40406,143,0,1,0
45,10648,443,1,0,1
89,43795,143,0,1,0
89,2165,443,0,1,0
42,62533,443,1,0,1
71,80,57275,1,1,0
441,32624,25,0,1,0
60,36759,110,1,0,0
61,3938,8080,1,0,0
40,15217,3389,1,0,1
42,20500,443,1,0,1
53,51582,443,1,0,1
634,42472,8080,0,1,0
52,40644,22,1,0,1
45,44872,22,1,0,1
312,39838,993,0,1,0
61,26571,8443,1,0,0
1280,18532,22,0,1,0
61,443,1550,1,1,0
52,21181,80,1,0,1
1141,8470,25,0,1,0
412,13890,21,0,1,0
46,57175,443,1,0,1
43,57792,80,1,0,1
65,22,62228,1,1,0
52,7707,80,1,0,1
98,22069,8080,0,1,0
52,28042,80,1,0,1
48,31922,443,1,0,1
1324,17883,110,0,1,0
92,44652,993,0,1,0
42,40167,80,1,0,1
52,46492,22,1,0,1
50,18796,80,1,0,1
53,36838,22,1,0,1
1370,11082,8080,0,1,0
47,30982,80,1,0,1
44,24267,443,1,0,1
94,43073,21,0,1,0
49,2526,80,1,0,1
49,35057,22,1,0,1
74,22996,8443,1,0,0
52,46228,80,1,0,1
1427,22410,25,0,1,0
66,5946,22,0,1,0
74,41135,3389,1,0,0
47,35084,80,1,0,1
40,55549,80,1,0,1
73,38821,53,1,0,0
50,57425,80,1,0,1
47,34048,443,1,0,1
85,15583,3389,0,1,0
53,18130,80,1,0,1
750,64093,80,0,1,0
44,25166,80,1,0,1
948,11262,993,0,1,0
41,36886,443,1,0,1
82,9011,21,0,1,0
988,50170,80,0,1,0
807,22283,3389,0,1,0
45,58633,22,1,0,1
41,45522,443,1,0,1
40,23418,443,1,0,1
84,42105,25,0,1,0
44,58963,443,1,0,1
48,1755,3389,1,0,1
718,53911,143,0,1,0
83,57657,80,0,1,0
54,2830,22,1,0,1
289,51524,143,0,1,0
48,42497,80,1,0,1
66,14269,8080,1,0,0
50,33164,443,1,0,1
47,34229,443,1,0,1
1111,59502,8443,0,1,0
40,20969,22,1,0,1
62,443,21196,1,1,0
900,25296,53,0,1,0
98,1811,21,0,1,0
47,61003,80,1,0,1
67,25,61479,1,1,0
716,11937,3389,0,1,0
65,8080,33308,1,1,0
70,12796,25,0,1,0
43,54579,80,1,0,1
60,37655,8080,1,0,0
752,26658,3389,0,1,0
54,40919,443,1,0,1
68,31087,25,0,1,0
1390,34234,110,0,1,0
61,28260,22,1,0,0
49,43573,443,1,0,1
47,27891,443,1,0,1
46,46395,22,1,0,1
46,8957,80,1,0,1
578,42444,3389,0,1,0
1146,19625,443,0,1,0
47,27641,22,1,0,1
44,10070,443,1,0,1
220,30562,25,0,1,0
287,16299,53,0,1,0
1171,50358,110,0,1,0
40,18559,443,1,0,1
66,22723,8080,1,0,0
47,53160,443,1,0,1
42,63622,22,1,0,1
49,26402,80,1,0,1
48,3107,443,1,0,1
962,6746,8443,0,1,0
81,63790,22,0,1,0
47,54835,80,1,0,1
48,25809,3389,1,0,1
43,16702,443,1,0,1
53,60908,80,1,0,1
53,59283,80,1,0,1
46,3131,80,1,0,1
53,39483,80,1,0,1
51,62609,3389,1,0,1
40,45069,22,1,0,1
51,12549,443,1,0,1
720,12975,53,0,1,0
872,26857,21,0,1,0
72,57123,3389,0,1,0
88,48018,8443,0,1,0
1177,63283,53,0,1,0
47,60067,443,1,0,1
42,54607,443,1,0,1
48,34144,80,1,0,1
51,3019,80,1,0,1
46,34850,443,1,0,1
52,28998,443,1,0,1
53,11208,80,1,0,1
45,58154,22,1,0,1
52,25083,80,1,0,1
95,49500,25,0,1,0
506,61799,8080,0,1,0
72,39130,443,0,1,0
49,16210,443,1,0,1
1211,47497,53,0,1,0
44,53324,22,1,0,1
46,10667,443,1,0,1
1200,43536,993,0,1,0
87,44729,8080,0,1,0
77,9079,143,0,1,0
1340,53413,22,0,1,0
42,61313,80,1,0,1
40,2869,443,1,0,1
954,9794,8443,0,1,0
42,51739,80,1,0,1
1152,22666,25,0,1,0
62,35323,80,1,0,0
61,443,14049,1,1,0
54,45719,80,1,0,1
54,27526,443,0,1,0
1258,43116,110,0,1,0
52,36120,80,1,0,1
48,11612,3389,1,0,1
43,10456,80,1,0,1
94,64342,110,0,1,0
41,22377,443,1,0,1
541,61548,21,0,1,0
52,33554,443,1,0,1
42,55119,443,1,0,1
1446,1750,993,0,1,0
40,29714,443,1,0,1
85,49647,143,0,1,0
70,1214,3389,1,0,0
886,48117,80,0,1,0
53,58670,80,1,0,1
51,37976,443,1,0,1
47,1279,3389,1,0,1
63,443,61569,1,1,0
67,11856,22,0,1,0
44,22472,80,1,0,1
97,25350,8443,0,1,0
46,56383,443,1,0,1
44,29005,443,1,0,1
49,3060,80,1,0,1
86,23665,22,0,1,0
78,24332,993,0,1,0
48,9680,80,1,0,1
63,50447,8080,0,1,0
61,443,29111,1,1,0
60,43368,21,1,0,0
44,15698,443,1,0,1
42,57548,3389,1,0,1
79,44278,80,0,1,0
47,52810,22,1,0,1
52,34281,80,1,0,1
45,47752,80,1,0,1
1156,43776,443,0,1,0
1090,63280,143,0,1,0
297,25794,25,0,1,0
44,47383,443,1,0,1
1444,20361,993,0,1,0
291,50871,143,0,1,0
49,50656,22,1,0,1
954,25024,21,0,1,0
598,37493,110,0,1,0
97,38449,80,0,1,0
85,24873,8443,0,1,0
45,58336,22,1,0,1
962,19159,110,0,1,0
40,24973,443,1,0,1
65,110,9735,1,1,0
46,38147,443,1,0,1
59,12469,143,0,1,0
69,44249,22,1,0,0
60,48319,25,1,0,0
49,53315,22,1,0,1
53,8655,22,1,0,1
42,43869,80,1,0,1
54,45542,443,1,0,1
53,63718,80,1,0,1
44,46680,443,1,0,1
81,32950,993,0,1,0
49,4283,80,1,0,1
51,27404,443,1,0,1
84,30344,53,0,1,0
98,1519,21,0,1,0
70,10847,8443,1,0,0
46,36385,80,1,0,1
51,14515,22,1,0,1
46,31406,80,1,0,1
71,56790,21,1,0,0
49,56820,22,1,0,1
80,18309,110,0,1,0
46,22100,443,1,0,1
52,4833,443,1,0,1
51,40242,443,1,0,1
70,50613,25,0,1,0
52,13775,80,1,0,1
41,44976,3389,1,0,1
74,5364,21,0,1,0
461,29332,21,0,1,0
46,22723,443,1,0,1
51,54048,3389,1,0,1
40,33033,22,1,0,1
46,62879,80,1,0,1
67,57203,143,1,0,0
44,57187,443,1,0,1
40,31015,80,1,0,1
42,43063,80,1,0,1
51,61710,80,1,0,1
64,62850,143,0,1,0
75,54880,80,0,1,0
1142,48177,443,0,1,0
69,27323,993,0,1,0
659,46574,993,0,1,0
1123,31746,22,0,1,0
40,20838,443,1,0,1
42,3747,80,1,0,1
54,40598,443,1,0,1
45,53217,80,1,0,1
60,33020,143,1,0,0
69,2086,21,1,0,0
54,27105,143,0,1,0
43,47257,443,1,0,1
72,110,29865,1,1,0
41,40641,80,1,0,1
70,21,4044,1,1,0
1192,58009,993,0,1,0
407,33198,21,0,1,0
50,18597,3389,1,0,1
80,43842,143,0,1,0
52,19914,443,1,0,1
65,1593,993,1,0,0
49,25336,443,1,0,1
87,25015,22,0,1,0
46,43632,80,1,0,1
1083,27447,993,0,1,0
589,60926,21,0,1,0
327,29422,80,0,1,0
45,48207,80,1,0,1
57,65041,993,0,1,0
58,43963,8080,0,1,0
87,60275,143,0,1,0
44,36875,80,1,0,1
48,36521,22,1,0,1
48,51535,80,1,0,1
97,10730,8443,0,1,0
45,33729,443,1,0,1
96,44218,143,0,1,0
42,21258,80,1,0,1
67,143,26362,1,1,0
51,45496,443,1,0,1
40,14852,80,1,0,1
45,1695,80,1,0,1
48,65474,443,1,0,1
43,39058,80,1,0,1
40,47137,443,1,0,1
54,22833,80,1,0,1
48,31870,443,1,0,1
72,32867,25,1,0,0
71,57442,21,1,0,0
358,63848,22,0,1,0
47,19292,80,1,0,1
68,61604,8443,1,0,0
45,61803,80,1,0,1
41,23100,80,1,0,1
67,40560,25,0,1,0
50,45423,3389,1,0,1
47,57945,22,1,0,1
46,3200,443,1,0,1
54,5335,80,1,0,1
50,32259,443,1,0,1
57,35860,8080,0,1,0
1008,32905,53,0,1,0
41,8862,443,1,0,1
49,18699,80,1,0,1
62,25,20464,1,1,0
52,32500,22,1,0,1
801,24502,25,0,1,0
813,44202,8080,0,1,0
61,25400,443,1,0,0
40,13698,80,1,0,1
48,43388,443,1,0,1
46,61120,80,1,0,1
348,15051,25,0,1,0
915,10192,53,0,1,0
781,21331,3389,0,1,0
42,37975,22,1,0,1
53,16560,80,1,0,1
40,14115,80,1,0,1
41,26989,80,1,0,1
54,47906,443,1,0,1
46,58867,80,1,0,1
51,42816,80,1,0,1
52,61056,443,1,0,1
75,2575,53,0,1,0
54,4975,443,1,0,1
68,9900,8080,0,1,0
71,443,30783,1,1,0
44,47371,80,1,0,1
45,31370,3389,1,0,1
43,34892,80,1,0,1
49,2770,80,1,0,1
656,43530,3389,0,1,0
67,51766,443,0,1,0
65,110,3832,1,1,0
52,26058,80,1,0,1
48,8234,80,1,0,1
95,53745,80,0,1,0
66,16929,22,0,1,0
99,61997,21,0,1,0
53,22700,80,1,0,1
714,7341,143,0,1,0
385,46520,8080,0,1,0
52,5719,80,1,0,1
80,45438,21,0,1,0
99,35702,8080,0,1,0
46,5881,80,1,0,1
837,53349,25,0,1,0
64,39670,21,1,0,0
47,47590,80,1,0,1
871,49480,143,0,1,0
441,43162,443,0,1,0
65,25,19295,1,1,0
42,34463,80,1,0,1
71,28775,53,1,0,0
51,63928,443,1,0,1
57,18743,80,0,1,0
42,1583,80,1,0,1
328,44172,993,0,1,0
46,56379,80,1,0,1
83,4183,110,0,1,0
1377,25992,143,0,1,0
44,25052,443,1,0,1
960,64353,25,0,1,0
67,40749,53,0,1,0
843,28864,143,0,1,0
69,8080,14571,1,1,0
53,9131,3389,1,0,1
87,29136,21,0,1,0
74,80,45947,1,1,0
46,49039,443,1,0,1
41,58935,80,1,0,1
65,15916,143,0,1,0
46,53554,80,1,0,1
48,47047,80,1,0,1
829,5672,8443,0,1,0
452,8293,80,0,1,0
69,46678,143,0,1,0
72,63301,25,1,0,0
54,6523,443,1,0,1
40,61337,80,1,0,1
715,41221,25,0,1,0
48,2119,80,1,0,1
80,39895,143,0,1,0
43,15657,22,1,0,1
58,10848,25,0,1,0
49,16144,80,1,0,1
45,56827,80,1,0,1
46,33394,80,1,0,1
63,17803,8443,1,0,0
49,31870,3389,1,0,1
64,33650,8080,0,1,0
40,6938,443,1,0,1
66,61945,80,1,0,0
80,5921,993,0,1,0
60,33331,22,1,0,0
1430,35799,8080,0,1,0
81,30448,21,0,1,0
70,62521,110,0,1,0
84,38268,443,0,1,0
641,20620,3389,0,1,0
61,31256,21,0,1,0
61,21,17991,1,1,0
570,30360,53,0,1,0
64,21487,110,1,0,0
70,61427,53,1,0,0
46,18693,443,1,0,1
42,13738,80,1,0,1
50,56021,80,1,0,1
64,53,3743,1,1,0
57,30086,143,0,1,0
91,45486,993,0,1,0
45,20767,22,1,0,1
48,33770,443,1,0,1
66,53,40238,1,1,0
1429,14006,8080,0,1,0
81,9019,80,0,1,0
76,59890,443,0,1,0
63,52432,53,0,1,0
52,59055,443,1,0,1
469,34647,443,0,1,0
73,26494,8080,1,0,0
43,44687,443,1,0,1
91,21614,80,0,1,0
92,42306,3389,0,1,0
1161,48853,110,0,1,0
43,30287,80,1,0,1
540,53338,80,0,1,0
61,4198,8443,0,1,0
63,65176,80,0,1,0
40,64051,80,1,0,1
45,54108,80,1,0,1
47,2042,80,1,0,1
47,13174,80,1,0,1
89,46264,110,0,1,0
47,56821,80,1,0,1
41,42640,22,1,0,1
1041,29175,53,0,1,0
63,54168,25,0,1,0
1352,23997,25,0,1,0
42,31977,443,1,0,1
54,1169,993,0,1,0
47,32009,22,1,0,1
42,51068,443,1,0,1
40,38160,443,1,0,1
74,17099,53,0,1,0
607,55585,8080,0,1,0
50,28552,80,1,0,1
42,9119,80,1,0,1
48,33623,80,1,0,1
98,24488,3389,0,1,0
1129,1516,143,0,1,0
618,56444,25,0,1,0
54,13506,443,1,0,1
43,11534,80,1,0,1
42,30434,443,1,0,1
41,46826,80,1,0,1
67,6668,8080,1,0,0
409,32336,3389,0,1,0
1283,9040,53,0,1,0
64,11917,80,1,0,0
46,18739,3389,1,0,1
282,26542,80,0,1,0
64,24089,8080,0,1,0
53,55128,22,1,0,1
45,57518,22,1,0,1
469,2425,25,0,1,0
860,38000,80,0,1,0
644,47595,53,0,1,0
89,29156,143,0,1,0
1449,42995,8443,0,1,0
44,10304,80,1,0,1
44,54744,80,1,0,1
70,39179,22,1,0,0
69,32048,22,1,0,0
53,57755,443,1,0,1
85,17751,53,0,1,0
93,53838,21,0,1,0
65,56538,110,0,1,0
69,2473,80,0,1,0
41,47180,443,1,0,1
53,44316,3389,1,0,1
1021,23809,443,0,1,0
80,40685,53,0,1,0
51,17479,80,1,0,1
49,43839,443,1,0,1
85,10661,53,0,1,0
477,6300,25,0,1,0
328,64996,22,0,1,0
51,57015,80,1,0,1
53,53100,443,1,0,1
40,36367,443,1,0,1
1136,40153,110,0,1,0
70,54647,3389,0,1,0
70,54362,80,1,0,0
1231,47116,993,0,1,0
52,60806,443,1,0,1
47,28133,443,1,0,1
1433,20014,25,0,1,0
76,49152,110,0,1,0
45,53005,80,1,0,1
78,16021,25,0,1,0
982,37812,443,0,1,0
49,64993,443,1,0,1
44,57612,443,1,0,1
44,22233,22,1,0,1
1208,65113,80,0,1,0
45,26592,3389,1,0,1
48,60396,80,1,0,1
61,143,33256,1,1,0
590,42499,25,0,1,0
73,21,27596,1,1,0
892,49304,110,0,1,0
65,29734,143,1,0,0
72,23640,53,0,1,0
49,5266,443,1,0,1
50,60076,80,1,0,1
47,21738,80,1,0,1
43,43964,80,1,0,1
1088,62376,80,0,1,0
397,50155,21,0,1,0
626,35615,143,0,1,0
49,17823,80,1,0,1
48,27648,22,1,0,1
40,9977,22,1,0,1
87,64512,8080,0,1,0
66,21,21977,1,1,0
47,33399,80,1,0,1
64,30515,22,0,1,0
869,40356,8443,0,1,0
73,51234,443,0,1,0
43,13435,80,1,0,1
50,22851,443,1,0,1
41,26842,22,1,0,1
73,143,48875,1,1,0
42,58000,443,1,0,1
42,55732,443,1,0,1
52,13912,80,1,0,1
80,62406,143,0,1,0
44,43939,443,1,0,1
49,5670,80,1,0,1
61,57778,110,0,1,0
50,38552,443,1,0,1
71,14427,110,1,0,0
51,58303,80,1,0,1
50,59739,22,1,0,1
87,17173,22,0,1,0
50,43456,80,1,0,1
45,47648,22,1,0,1
42,62731,80,1,0,1
43,15925,80,1,0,1
51,46237,80,1,0,1
77,18820,993,0,1,0
45,58796,80,1,0,1
804,25388,80,0,1,0
864,56739,3389,0,1,0
62,50723,22,0,1,0
1123,50092,8080,0,1,0
97,63898,3389,0,1,0
1270,29025,22,0,1,0
74,54030,25,1,0,0
41,10211,80,1,0,1
51,65380,22,1,0,1
41,54130,80,1,0,1
53,45052,80,1,0,1
826,20578,53,0,1,0
60,143,28106,1,1,0
54,51934,80,1,0,1
1240,3975,80,0,1,0
66,993,48541,1,1,0
66,21,58956,1,1,0
709,57646,25,0,1,0
45,14286,443,1,0,1
66,20214,993,1,0,0
46,44991,443,1,0,1
68,14875,53,0,1,0
40,16756,443,1,0,1
1377,13844,80,0,1,0
73,443,42149,1,1,0
48,18526,3389,1,0,1
43,41064,22,1,0,1
989,57095,443,0,1,0
43,50653,443,1,0,1
60,57597,25,1,0,0
44,54195,80,1,0,1
49,43239,80,1,0,1
46,13133,80,1,0,1
1094,45643,143,0,1,0
1270,20628,22,0,1,0
49,43343,80,1,0,1
49,24236,443,1,0,1
72,21,28594,1,1,0
47,65254,443,1,0,1
54,42053,80,1,0,1
41,57944,80,1,0,1
50,50093,22,1,0,1
46,55103,443,1,0,1
51,45238,22,1,0,1
67,21,14285,1,1,0
76,62328,110,0,1,0
44,8434,443,1,0,1
753,25758,21,0,1,0
572,46758,3389,0,1,0
48,23575,3389,1,0,1
50,9276,443,1,0,1
69,40591,8443,1,0,0
60,4589,25,0,1,0
47,37334,3389,1,0,1
40,2258,80,1,0,1
45,6121,80,1,0,1
40,2217,80,1,0,1
510,11509,443,0,1,0
93,28785,80,0,1,0
53,4041,80,1,0,1
44,41428,80,1,0,1
48,16274,80,1,0,1
43,59279,443,1,0,1
67,26969,8443,1,0,0
51,21165,80,1,0,1
68,63311,143,0,1,0
60,57440,53,0,1,0
49,44175,3389,1,0,1
54,11194,443,1,0,1
97,43648,8080,0,1,0
67,21,40716,1,1,0
40,34394,80,1,0,1
63,46115,8443,1,0,0
1355,29123,53,0,1,0
48,51128,443,1,0,1
43,49836,3389,1,0,1
45,43495,80,1,0,1
1165,46304,21,0,1,0
70,41884,143,0,1,0
43,19594,443,1,0,1
68,3911,8080,0,1,0
60,80,18199,1,1,0
40,28230,80,1,0,1
999,50004,22,0,1,0
71,38257,993,1,0,0
87,29253,3389,0,1,0
48,12624,443,1,0,1
41,1550,443,1,0,1
48,39227,80,1,0,1
51,10605,22,1,0,1
655,59366,8080,0,1,0
61,22,45510,1,1,0
41,50676,80,1,0,1
74,8080,22751,1,1,0
993,6434,22,0,1,0
50,59826,443,1,0,1
925,6209,80,0,1,0
47,13698,80,1,0,1
69,11809,993,0,1,0
50,9033,443,1,0,1
73,45330,993,0,1,0
46,33857,80,1,0,1
61,25,35555,1,1,0
41,18997,443,1,0,1
79,21052,25,0,1,0
63,25,6800,1,1,0
65,25,38591,1,1,0
89,8373,8080,0,1,0
50,18131,22,1,0,1
49,18015,80,1,0,1
44,40721,80,1,0,1
48,18886,443,1,0,1
67,993,8338,1,1,0
48,3433,80,1,0,1
62,1722,110,1,0,0
44,12443,80,1,0,1
52,57319,3389,1,0,1
64,12362,993,1,0,0
51,29050,443,1,0,1
49,1921,443,1,0,1
828,42240,8080,0,1,0
42,35807,3389,1,0,1
672,56267,993,0,1,0
69,36163,21,0,1,0
46,65277,80,1,0,1
51,36585,22,1,0,1
63,16127,8080,0,1,0
43,46583,22,1,0,1
50,10364,3389,1,0,1
54,28612,80,1,0,1
40,12953,80,1,0,1
1407,4784,143,0,1,0
41,58441,80,1,0,1
41,56217,80,1,0,1
66,35935,143,1,0,0
41,19090,443,1,0,1
80,6646,22,0,1,0
70,8381,8080,1,0,0
68,41965,80,1,0,0
49,2933,80,1,0,1
69,8080,37959,1,1,0
42,51958,443,1,0,1
48,44876,3389,1,0,1
66,53680,8080,0,1,0
44,38162,80,1,0,1
660,56127,25,0,1,0
79,6320,143,0,1,0
66,8829,80,1,0,0
787,55893,22,0,1,0
43,45013,443,1,0,1
50,35238,80,1,0,1
1094,7179,80,0,1,0
43,59566,80,1,0,1
76,7064,443,0,1,0
70,54425,110,1,0,0
54,14924,25,0,1,0
60,22701,8443,1,0,0
72,61228,8080,0,1,0
1460,43628,143,0,1,0
69,9267,993,0,1,0
49,51891,22,1,0,1
49,56811,443,1,0,1
63,51367,443,1,0,0
45,16010,3389,1,0,1
50,6837,80,1,0,1
666,63344,3389,0,1,0
40,57721,443,1,0,1
1446,47156,22,0,1,0
49,32762,80,1,0,1
54,8278,443,1,0,1
92,5160,443,0,1,0
675,9706,8080,0,1,0
52,26713,443,1,0,1
44,35961,443,1,0,1
42,27494,443,1,0,1
45,45382,22,1,0,1
1004,21413,143,0,1,0
77,8975,53,0,1,0
645,26903,443,0,1,0
73,28956,22,1,0,0
49,13199,443,1,0,1
684,7612,143,0,1,0
42,57245,443,1,0,1
73,41352,110,1,0,0
363,29088,22,0,1,0
1183,27063,22,0,1,0
577,57417,3389,0,1,0
71,31365,21,0,1,0
45,11868,80,1,0,1
407,35419,8080,0,1,0
52,3720,80,1,0,1
40,41621,443,1,0,1
211,36450,22,0,1,0
41,31881,80,1,0,1
70,62500,3389,1,0,0
56,22476,110,0,1,0
1087,13261,443,0,1,0
65,45449,8443,1,0,0
40,7596,3389,1,0,1
55,17790,53,0,1,0
50,42211,443,1,0,1
54,46463,443,1,0,1
565,64045,143,0,1,0
44,29784,22,1,0,1
45,4112,443,1,0,1
54,20713,443,1,0,1
51,49721,443,1,0,1
52,59504,443,1,0,1
75,47065,8443,0,1,0
64,4753,25,0,1,0
43,29491,80,1,0,1
48,13404,80,1,0,1
46,56352,80,1,0,1
41,7182,443,1,0,1
54,3635,80,1,0,1
76,8625,25,0,1,0
81,5707,25,0,1,0
52,41342,443,1,0,1
74,28496,21,1,0,0
71,22,48480,1,1,0
288,26266,25,0,1,0
71,3515,21,1,0,0
63,18296,8443,0,1,0
70,25,63070,1,1,0
49,21132,443,1,0,1
51,50738,22,1,0,1
216,2405,22,0,1,0
42,19079,80,1,0,1
40,41818,443,1,0,1
40,28781,80,1,0,1
83,39623,143,0,1,0
48,29255,443,1,0,1
624,46147,8443,0,1,0
42,41655,443,1,0,1
53,10858,80,1,0,1
51,30519,443,1,0,1
662,31774,993,0,1,0
62,38638,110,1,0,0
42,50440,443,1,0,1
67,53413,110,0,1,0
64,60195,443,1,0,0
46,18002,80,1,0,1
43,13492,3389,1,0,1
1118,47761,21,0,1,0
85,3919,110,0,1,0
62,20802,143,1,0,0
69,7857,993,1,0,0
48,64379,443,1,0,1
66,53,8448,1,1,0
68,58703,80,1,0,0
53,10015,80,1,0,1
43,8065,443,1,0,1
49,8997,80,1,0,1
77,16410,25,0,1,0
46,51550,443,1,0,1
60,25,8515,1,1,0
623,4607,53,0,1,0
44,25198,22,1,0,1
52,5032,443,1,0,1
40,16546,80,1,0,1
52,65346,22,1,0,1
54,27379,80,1,0,1
46,55495,80,1,0,1
321,14639,21,0,1,0
64,33591,80,0,1,0
1041,54494,110,0,1,0
1030,58529,25,0,1,0
81,39761,993,0,1,0
83,36498,8443,0,1,0
51,51842,22,1,0,1
43,56208,80,1,0,1
861,45781,993,0,1,0
43,34062,3389,1,0,1
50,25780,22,1,0,1
48,15740,80,1,0,1
54,44118,443,1,0,1
47,30429,443,1,0,1
79,44625,25,0,1,0
741,30344,22,0,1,0
71,80,62819,1,1,0
70,14947,443,1,0,0
48,1371,443,1,0,1
50,29232,80,1,0,1
51,44572,80,1,0,1
53,42364,443,1,0,1
73,53015,8443,1,0,0
72,53196,21,0,1,0
70,21063,3389,0,1,0
64,24738,25,1,0,0
43,56320,443,1,0,1
51,57521,22,1,0,1
50,48952,3389,1,0,1
62,60199,21,0,1,0
914,65071,8080,0,1,0
45,47662,3389,1,0,1
791,53374,8443,0,1,0
51,20218,22,1,0,1
41,58040,443,1,0,1
49,41755,22,1,0,1
549,16616,22,0,1,0
40,39053,22,1,0,1
48,61115,443,1,0,1
61,17388,3389,1,0,0
360,63515,143,0,1,0
46,39984,80,1,0,1
728,24327,8080,0,1,0
68,54006,443,0,1,0
77,7893,110,0,1,0
97,23658,25,0,1,0
86,49466,8080,0,1,0
828,21117,25,0,1,0
44,27349,80,1,0,1
53,13585,80,1,0,1
46,24471,80,1,0,1
63,60125,443,1,0,0
63,3389,65237,1,1,0
49,30274,22,1,0,1
1253,64410,8080,0,1,0
92,40032,53,0,1,0
45,4431,80,1,0,1
50,22350,3389,1,0,1
340,2165,443,0,1,0
44,29781,443,1,0,1
227,18111,110,0,1,0
59,8489,53,0,1,0
1443,14727,3389,0,1,0
53,6060,80,1,0,1
50,10279,3389,1,0,1
70,25,30281,1,1,0
60,53,47273,1,1,0
54,55189,22,1,0,1
44,6521,80,1,0,1
65,3604,53,0,1,0
74,53014,443,1,0,0
47,45675,80,1,0,1
53,30003,80,1,0,1
95,22622,110,0,1,0
50,30717,443,1,0,1
820,64942,80,0,1,0
54,35265,443,1,0,1
60,30110,143,0,1,0
76,40014,8080,0,1,0
95,34775,53,0,1,0
67,443,51130,1,1,0
41,48506,443,1,0,1
51,48366,443,1,0,1
41,50112,80,1,0,1
64,21,52928,1,1,0
50,31701,443,1,0,1
1127,45793,22,0,1,0
48,9352,443,1,0,1
60,80,44666,1,1,0
44,32286,80,1,0,1
54,31787,80,1,0,1
74,8443,21694,1,1,0
98,48686,8080,0,1,0
60,15421,8443,1,0,0
41,6698,443,1,0,1
40,41170,80,1,0,1
67,44905,8443,0,1,0
44,58148,443,1,0,1
1353,57906,443,0,1,0
49,26591,443,1,0,1
65,3389,59355,1,1,0
40,43899,443,1,0,1
41,56503,80,1,0,1
345,5676,53,0,1,0
53,34426,80,1,0,1
699,39885,8080,0,1,0
1452,6506,25,0,1,0
600,56645,8443,0,1,0
48,40937,443,1,0,1
45,31437,80,1,0,1
50,31892,80,1,0,1
40,60278,443,1,0,1
64,16654,21,0,1,0
1333,3478,3389,0,1,0
44,16471,443,1,0,1
1200,29021,143,0,1,0
43,62418,443,1,0,1
507,42184,110,0,1,0
43,13901,443,1,0,1
696,46433,8080,0,1,0
62,30246,22,1,0,0
46,63161,22,1,0,1
48,44063,80,1,0,1
79,20870,8080,0,1,0
52,50296,80,1,0,1
90,7382,80,0,1,0
43,56887,443,1,0,1
447,4666,993,0,1,0
50,2974,80,1,0,1
445,11527,110,0,1,0
42,56770,80,1,0,1
42,52355,80,1,0,1
42,7427,22,1,0,1
69,58694,21,0,1,0
41,64374,443,1,0,1
862,3408,8080,0,1,0
47,13962,443,1,0,1
51,50183,80,1,0,1
51,63719,80,1,0,1
45,39464,3389,1,0,1
62,24209,443,0,1,0
700,19876,80,0,1,0
47,31044,80,1,0,1
43,40918,3389,1,0,1
63,49160,22,1,0,0
485,3811,143,0,1,0
50,22137,443,1,0,1
235,6643,443,0,1,0
48,8996,22,1,0,1
51,3792,443,1,0,1
74,16211,143,0,1,0
45,65003,80,1,0,1
49,46726,80,1,0,1
46,40244,80,1,0,1
682,34674,110,0,1,0
41,40737,22,1,0,1
72,56660,21,1,0,0
75,53359,8080,0,1,0
73,22630,80,1,0,0
74,20152,8443,1,0,0
49,3484,80,1,0,1
42,10365,80,1,0,1
40,36076,80,1,0,1
218,63415,53,0,1,0
382,12414,993,0,1,0
97,29780,143,0,1,0
40,1270,80,1,0,1
48,44505,80,1,0,1
40,64755,443,1,0,1
46,2208,80,1,0,1
627,9580,8443,0,1,0
50,19071,443,1,0,1
44,63017,80,1,0,1
1443,13852,143,0,1,0
63,25,32314,1,1,0
71,60662,8080,1,0,0
76,31914,53,0,1,0
53,51955,80,1,0,1
98,31758,21,0,1,0
54,25178,80,1,0,1
63,20532,3389,1,0,0
99,2486,8443,0,1,0
48,20208,443,1,0,1
45,11623,443,1,0,1
278,62239,8443,0,1,0
52,3371,443,1,0,1
48,3717,443,1,0,1
1075,37045,110,0,1,0
68,50735,993,1,0,0
74,35297,80,0,1,0
793,39366,8443,0,1,0
88,43082,80,0,1,0
48,51936,80,1,0,1
42,2055,80,1,0,1
56,38806,143,0,1,0
93,7025,110,0,1,0
869,2956,110,0,1,0
51,62630,80,1,0,1
42,16285,443,1,0,1
65,56093,443,1,0,0
51,28325,80,1,0,1
83,48148,80,0,1,0
54,15650,110,0,1,0
69,143,31585,1,1,0
70,61619,993,1,0,0
1120,24888,8080,0,1,0
1120,7337,80,0,1,0
1139,31543,993,0,1,0
64,44310,25,1,0,0
1441,26875,443,0,1,0
81,15199,21,0,1,0
93,19634,143,0,1,0
46,18206,80,1,0,1
1236,63392,22,0,1,0
931,3285,8080,0,1,0
74,49243,110,0,1,0
42,22058,80,1,0,1
45,13071,3389,1,0,1
85,43008,21,0,1,0
41,13410,80,1,0,1
433,65143,993,0,1,0
62,61184,3389,1,0,0
54,37848,53,0,1,0
48,54034,80,1,0,1
52,45320,80,1,0,1
65,13221,993,0,1,0
537,10788,53,0,1,0
40,20357,80,1,0,1
51,28438,80,1,0,1
71,25,49675,1,1,0
66,14320,110,1,0,0
40,11769,443,1,0,1
85,2486,53,0,1,0
41,19904,80,1,0,1
70,34520,25,1,0,0
73,49840,80,1,0,0
45,7498,80,1,0,1
688,63092,22,0,1,0
45,18615,80,1,0,1
47,53659,22,1,0,1
45,62560,443,1,0,1
53,63667,80,1,0,1
66,18233,443,1,0,0
72,53515,443,0,1,0
42,49944,443,1,0,1
47,32993,443,1,0,1
51,25689,443,1,0,1
68,1900,993,1,0,0
975,23055,21,0,1,0
65,32001,53,1,0,0
43,38588,80,1,0,1
60,29336,80,1,0,0
43,28139,80,1,0,1
74,21,43544,1,1,0
41,7893,80,1,0,1
68,3389,10906,1,1,0
49,35549,80,1,0,1
48,37755,443,1,0,1
57,61916,21,0,1,0
48,29570,443,1,0,1
58,5944,143,0,1,0
69,443,53072,1,1,0
63,22,53122,1,1,0
53,34123,80,1,0,1
56,64796,21,0,1,0
66,65197,22,0,1,0
641,3392,443,0,1,0
937,36452,8443,0,1,0
47,36342,3389,1,0,1
1286,44487,8443,0,1,0
46,62022,443,1,0,1
77,17600,22,0,1,0
71,47983,110,1,0,0
61,13770,8443,0,1,0
719,23197,8443,0,1,0
45,30952,80,1,0,1
49,54584,443,1,0,1
49,9031,80,1,0,1
40,28842,80,1,0,1
44,63869,443,1,0,1
51,64078,443,1,0,1
46,57540,80,1,0,1
48,54791,22,1,0,1
56,41825,22,0,1,0
62,8080,19663,1,1,0
49,45942,80,1,0,1
64,22205,53,0,1,0
86,20008,21,0,1,0
89,37585,25,0,1,0
74,37963,993,1,0,0
50,56707,80,1,0,1
77,23876,110,0,1,0
45,29108,443,1,0,1
71,8406,143,0,1,0
45,6003,80,1,0,1
53,42746,80,1,0,1
54,53407,80,1,0,1
66,2191,443,1,0,0
699,45307,8443,0,1,0
54,35286,22,1,0,1
201,22204,53,0,1,0
49,36458,22,1,0,1
95,31353,3389,0,1,0
46,5051,443,1,0,1
98,53710,3389,0,1,0
45,34150,80,1,0,1
61,50750,143,1,0,0
95,44904,143,0,1,0
653,35088,993,0,1,0
40,63131,443,1,0,1
54,64056,3389,1,0,1
55,6610,993,0,1,0
71,25,12327,1,1,0
88,26717,443,0,1,0
45,7155,3389,1,0,1
88,25378,8080,0,1,0
1101,37617,21,0,1,0
81,36533,80,0,1,0
60,35359,80,0,1,0
48,2918,80,1,0,1
73,443,48206,1,1,0
44,61095,22,1,0,1
70,4177,3389,0,1,0
60,31954,3389,0,1,0
50,17515,80,1,0,1
59,25944,443,0,1,0
49,33666,443,1,0,1
347,18646,3389,0,1,0
67,62384,21,0,1,0
45,43259,80,1,0,1
40,21558,443,1,0,1
725,6832,110,0,1,0
70,42887,21,0,1,0
51,57115,80,1,0,1
60,23949,8080,1,0,0
1155,2956,8443,0,1,0
53,26872,443,1,0,1
98,18321,21,0,1,0
49,49241,443,1,0,1
426,37215,22,0,1,0
68,8080,17685,1,1,0
69,28412,993,0,1,0
1305,29062,8443,0,1,0
1110,31143,53,0,1,0
50,27778,80,1,0,1
41,45156,22,1,0,1
44,61407,443,1,0,1
40,57368,80,1,0,1
780,8621,53,0,1,0
765,7342,8443,0,1,0
45,57139,80,1,0,1
43,1517,443,1,0,1
44,64893,80,1,0,1
52,59713,80,1,0,1
45,11952,443,1,0,1
48,8069,443,1,0,1
52,45355,22,1,0,1
48,49026,80,1,0,1
54,55669,80,1,0,1
96,47431,8443,0,1,0
51,61586,443,1,0,1
56,44918,993,0,1,0
467,8030,143,0,1,0
52,32557,80,1,0,1
51,19823,3389,1,0,1
1299,16911,21,0,1,0
221,12332,8443,0,1,0
54,4961,3389,1,0,1
41,30681,80,1,0,1
74,8080,19570,1,1,0
54,30901,443,1,0,1
910,52642,53,0,1,0
45,61767,80,1,0,1
54,37007,443,1,0,1
1451,39478,993,0,1,0
73,24117,110,1,0,0
1114,25347,8443,0,1,0
45,56852,80,1,0,1
331,56080,8080,0,1,0
42,1060,80,1,0,1
43,7577,80,1,0,1
64,43980,143,1,0,0
57,21080,22,0,1,0
50,48385,22,1,0,1
48,56426,443,1,0,1
81,54388,21,0,1,0
52,5749,80,1,0,1
45,47646,80,1,0,1
46,38142,443,1,0,1
43,28867,22,1,0,1
51,37947,3389,1,0,1
1272,6768,110,0,1,0
48,61035,443,1,0,1
45,52492,80,1,0,1
42,34990,80,1,0,1
66,63776,25,1,0,0
70,53,45088,1,1,0
60,80,47790,1,1,0
40,5285,80,1,0,1
50,31812,80,1,0,1
49,19915,443,1,0,1
63,18125,110,1,0,0
42,4653,443,1,0,1
42,30015,3389,1,0,1
47,62329,443,1,0,1
44,20223,3389,1,0,1
73,21,46672,1,1,0
44,65092,80,1,0,1
98,42809,110,0,1,0
63,56395,8443,0,1,0
44,8531,80,1,0,1
69,8479,993,1,0,0
68,3389,64440,1,1,0
42,37689,80,1,0,1
42,62680,443,1,0,1
318,16393,80,0,1,0
90,34822,443,0,1,0
89,33503,80,0,1,0
46,60658,3389,1,0,1
1216,34511,443,0,1,0
45,51082,443,1,0,1
85,49281,3389,0,1,0
53,5291,80,1,0,1
99,37468,993,0,1,0
1139,41147,22,0,1,0
53,32151,443,1,0,1
62,2703,25,1,0,0
60,8443,19811,1,1,0
48,38042,3389,1,0,1
46,33791,22,1,0,1
75,7404,80,0,1,0
45,21001,22,1,0,1
68,443,3004,1,1,0
71,22001,993,0,1,0
50,34383,22,1,0,1
848,57733,3389,0,1,0
85,22053,8080,0,1,0
58,37972,993,0,1,0
54,16208,22,1,0,1
40,33868,443,1,0,1
59,3865,110,0,1,0
40,15050,443,1,0,1
70,65101,8443,0,1,0
1293,59296,53,0,1,0
42,46534,443,1,0,1
40,28770,22,1,0,1
61,12198,443,1,0,0
97,41659,993,0,1,0
42,1821,443,1,0,1
42,44559,80,1,0,1
49,5298,443,1,0,1
41,41694,443,1,0,1
992,16458,3389,0,1,0
67,18582,25,0,1,0
42,5949,22,1,0,1
40,61894,22,1,0,1
412,61770,22,0,1,0
95,1487,993,0,1,0
908,56775,8080,0,1,0
1179,14307,21,0,1,0
400,30314,22,0,1,0
79,49688,21,0,1,0
81,61337,8443,0,1,0
45,65139,80,1,0,1
860,25166,21,0,1,0
63,36294,110,1,0,0
62,22,23066,1,1,0
90,46996,22,0,1,0
860,27441,8443,0,1,0
69,33658,22,0,1,0
56,20291,443,0,1,0
42,43478,443,1,0,1
88,11884,8080,0,1,0
46,14041,443,1,0,1
51,56087,80,1,0,1
1021,59978,143,0,1,0
52,46807,443,1,0,1
48,47609,443,1,0,1
47,30574,443,1,0,1
1409,26418,21,0,1,0
624,53831,443,0,1,0
47,15190,80,1,0,1
527,8485,25,0,1,0
71,56606,443,0,1,0
42,37879,22,1,0,1
49,63548,80,1,0,1
364,18764,110,0,1,0
44,15147,80,1,0,1
1074,11728,80,0,1,0
1291,12932,143,0,1,0
66,2388,21,0,1,0
810,34894,21,0,1,0
1172,51724,8443,0,1,0
52,4597,22,1,0,1
71,43942,53,1,0,0
887,48142,993,0,1,0
49,61872,443,1,0,1
70,55986,22,0,1,0
46,27248,443,1,0,1
46,12348,443,1,0,1
40,6830,443,1,0,1
60,61345,443,0,1,0
54,5857,443,1,0,1
49,23198,80,1,0,1
48,33466,443,1,0,1
42,31890,80,1,0,1
40,24265,3389,1,0,1
43,43687,443,1,0,1
61,16351,21,0,1,0
47,9274,3389,1,0,1
54,25323,25,0,1,0
863,8093,21,0,1,0
40,9875,443,1,0,1
508,53916,143,0,1,0
45,38929,443,1,0,1
47,50418,80,1,0,1
583,56374,22,0,1,0
44,11802,443,1,0,1
71,33241,143,1,0,0
41,18695,443,1,0,1
90,22142,21,0,1,0
54,35410,443,1,0,1
553,27156,143,0,1,0
53,38400,443,1,0,1
265,13629,25,0,1,0
99,7280,8443,0,1,0
47,28937,80,1,0,1
83,56445,443,0,1,0
884,62968,22,0,1,0
1056,56394,8443,0,1,0
53,64539,80,1,0,1
83,1755,25,0,1,0
54,35603,80,1,0,1
47,43702,80,1,0,1
535,21902,80,0,1,0
784,20563,443,0,1,0
45,13026,80,1,0,1
1159,50091,3389,0,1,0
72,36004,22,0,1,0
71,22569,21,1,0,0
51,62861,443,1,0,1
90,21237,993,0,1,0
51,13858,80,1,0,1
455,51985,8443,0,1,0
54,26141,80,1,0,1
1403,4654,8443,0,1,0
47,63701,22,1,0,1
73,3434,143,0,1,0
53,61738,443,1,0,1
63,50713,22,1,0,0
53,1737,22,1,0,1
51,48874,80,1,0,1
52,21149,443,1,0,1
50,36165,443,1,0,1
605,47203,993,0,1,0
1142,8040,21,0,1,0
1395,10251,3389,0,1,0
78,10293,3389,0,1,0
53,43775,80,1,0,1
76,6626,25,0,1,0
48,39921,3389,1,0,1
50,18587,80,1,0,1
76,60644,993,0,1,0
62,1528,110,1,0,0
97,36357,21,0,1,0
48,38429,80,1,0,1
410,25996,53,0,1,0
54,9654,80,1,0,1
863,27678,8443,0,1,0
53,28963,443,1,0,1
1186,37660,25,0,1,0
211,2231,53,0,1,0
94,2153,110,0,1,0
84,23412,25,0,1,0
53,37111,22,1,0,1
42,37979,443,1,0,1
90,42028,443,0,1,0
64,25351,25,0,1,0
412,15111,143,0,1,0
71,65183,21,1,0,0
96,2539,110,0,1,0
44,52907,80,1,0,1
59,43291,110,0,1,0
49,34380,22,1,0,1
49,17451,80,1,0,1
897,34314,110,0,1,0
46,9586,80,1,0,1
753,26396,21,0,1,0
46,63672,80,1,0,1
91,21947,110,0,1,0
599,54293,3389,0,1,0
75,41668,53,0,1,0
51,27640,443,1,0,1
44,36031,443,1,0,1
53,54474,443,1,0,1
771,33979,143,0,1,0
43,46191,22,1,0,1
65,56153,80,1,0,0
416,53917,22,0,1,0
609,7605,993,0,1,0
54,15481,80,1,0,1
49,46809,80,1,0,1
67,28374,110,1,0,0
45,25932,443,1,0,1
69,41029,25,0,1,0
66,143,12746,1,1,0
973,24876,53,0,1,0
45,9977,443,1,0,1
44,51648,80,1,0,1
49,6938,80,1,0,1
42,5746,80,1,0,1
71,56030,8080,1,0,0
340,12144,8443,0,1,0
48,31529,443,1,0,1
54,52068,3389,1,0,1
73,59359,8080,1,0,0
54,33990,53,0,1,0
43,2079,22,1,0,1
62,11671,25,1,0,0
389,25590,22,0,1,0
73,8080,18458,1,1,0
51,49615,443,1,0,1
1034,2732,8080,0,1,0
77,8259,143,0,1,0
67,8567,21,1,0,0
54,6307,80,1,0,1
45,55066,443,1,0,1
844,9835,3389,0,1,0
67,80,39182,1,1,0
49,32731,22,1,0,1
54,25459,80,1,0,1
462,9060,143,0,1,0
54,45500,80,1,0,1
51,35646,443,1,0,1
47,58128,443,1,0,1
45,9649,443,1,0,1
48,14775,443,1,0,1
441,2112,21,0,1,0
80,54174,110,0,1,0
54,51409,443,1,0,1
83,44483,53,0,1,0
65,58478,443,0,1,0
53,6765,443,1,0,1
46,30438,80,1,0,1
42,47734,443,1,0,1
89,32575,8443,0,1,0
49,17790,443,1,0,1
55,51221,3389,0,1,0
59,16951,143,0,1,0
53,7704,443,1,0,1
49,61301,80,1,0,1
62,34645,3389,1,0,0
80,29829,993,0,1,0
242,21960,110,0,1,0
51,62846,3389,1,0,1
42,37487,80,1,0,1
533,21151,22,0,1,0
41,44368,80,1,0,1
47,32764,443,1,0,1
51,29475,3389,1,0,1
962,57606,8080,0,1,0
52,21067,443,1,0,1
72,36953,143,0,1,0
40,7987,443,1,0,1
49,45522,80,1,0,1
42,62912,80,1,0,1
66,21,33220,1,1,0
79,64236,8443,0,1,0
46,31240,443,1,0,1
51,37510,443,1,0,1
1173,10366,80,0,1,0
68,22,8033,1,1,0
41,47170,22,1,0,1
48,24828,80,1,0,1
1307,40697,143,0,1,0
46,27396,80,1,0,1
43,20821,80,1,0,1
222,33426,110,0,1,0
52,7422,80,1,0,1
47,4220,80,1,0,1
49,42857,443,1,0,1
41,15949,80,1,0,1
69,58482,3389,1,0,0
88,32625,53,0,1,0
50,62772,443,1,0,1
75,61782,22,0,1,0
81,62892,8443,0,1,0
901,53795,53,0,1,0
41,14116,80,1,0,1
52,46506,443,1,0,1
54,21593,80,1,0,1
41,39161,22,1,0,1
54,30916,80,1,0,1
45,19762,80,1,0,1
43,4668,80,1,0,1
1104,34007,993,0,1,0
689,26576,8080,0,1,0
53,39162,443,1,0,1
52,49848,80,1,0,1
47,49734,22,1,0,1
45,55888,80,1,0,1
51,51155,22,1,0,1
59,29335,25,0,1,0
41,38275,3389,1,0,1
1344,16138,3389,0,1,0
40,8396,80,1,0,1
656,57156,143,0,1,0
50,32347,22,1,0,1
337,34026,443,0,1,0
648,3248,80,0,1,0
1102,52570,21,0,1,0
71,38521,53,1,0,0
67,6973,993,1,0,0
67,33503,143,1,0,0
1213,10845,53,0,1,0
924,54184,22,0,1,0
73,24346,80,1,0,0
48,30910,22,1,0,1
291,22198,80,0,1,0
54,26816,80,1,0,1
85,39263,3389,0,1,0
46,49049,443,1,0,1
51,59767,80,1,0,1
45,46251,443,1,0,1
648,40257,25,0,1,0
78,46180,8443,0,1,0
50,22636,80,1,0,1
1343,41410,143,0,1,0
47,50888,443,1,0,1
86,24784,443,0,1,0
47,4622,80,1,0,1
46,49408,443,1,0,1
91,58257,8080,0,1,0
51,13067,80,1,0,1
91,25490,443,0,1,0
64,24379,443,1,0,0
66,33121,8443,1,0,0
658,24876,22,0,1,0
74,11594,110,0,1,0
56,2576,110,0,1,0
51,43488,80,1,0,1
208,8392,80,0,1,0
49,61008,80,1,0,1
45,11710,80,1,0,1
85,28488,143,0,1,0
52,13050,80,1,0,1
49,22402,80,1,0,1
44,12060,443,1,0,1
42,11870,443,1,0,1
49,21293,80,1,0,1
42,36977,80,1,0,1
886,17042,25,0,1,0
91,52472,993,0,1,0
41,40009,80,1,0,1
88,25672,993,0,1,0
45,27675,80,1,0,1
992,39139,993,0,1,0
64,35183,21,0,1,0
48,64162,80,1,0,1
52,3963,80,1,0,1
813,17790,80,0,1,0
50,28191,3389,1,0,1
51,29375,3389,1,0,1
71,18336,80,1,0,0
51,64681,80,1,0,1
45,45670,80,1,0,1
41,9104,443,1,0,1
52,50506,443,1,0,1
523,11257,21,0,1,0
75,3833,993,0,1,0
52,23713,80,1,0,1
45,31387,80,1,0,1
431,5751,3389,0,1,0
66,40118,110,0,1,0
52,55820,443,1,0,1
72,14006,993,0,1,0
40,9664,80,1,0,1
54,62431,3389,1,0,1
53,56630,80,1,0,1
1267,59256,21,0,1,0
52,60944,3389,1,0,1
50,1718,80,1,0,1
55,33254,3389,0,1,0
48,63887,22,1,0,1
43,23000,443,1,0,1
90,51533,110,0,1,0
42,59758,80,1,0,1
50,7946,22,1,0,1
49,13524,22,1,0,1
72,46260,53,1,0,0
69,39938,993,0,1,0
62,3389,42776,1,1,0
1426,56865,143,0,1,0
45,9039,80,1,0,1
54,58624,80,1,0,1
54,38121,80,1,0,1
40,41030,443,1,0,1
86,36451,25,0,1,0
46,54357,443,1,0,1
53,18164,22,1,0,1
1379,41627,21,0,1,0
42,59399,443,1,0,1
85,2025,21,0,1,0
1445,38737,3389,0,1,0
46,5785,80,1,0,1
732,11741,21,0,1,0
48,5506,22,1,0,1
70,20305,993,0,1,0
49,13994,3389,1,0,1
47,12906,80,1,0,1
85,25770,143,0,1,0
84,21675,110,0,1,0
96,2325,993,0,1,0
1168,54185,53,0,1,0
1135,47133,53,0,1,0
52,18518,22,1,0,1
40,33873,443,1,0,1
41,34817,443,1,0,1
41,43880,443,1,0,1
71,50139,8080,1,0,0
42,7224,80,1,0,1
73,40998,80,1,0,0
70,80,2459,1,1,0
443,8708,21,0,1,0
47,65025,443,1,0,1
44,25697,443,1,0,1
53,60672,22,1,0,1
59,16713,443,0,1,0
47,8879,80,1,0,1
63,42600,443,1,0,0
1058,43441,110,0,1,0
58,17956,21,0,1,0
41,18963,80,1,0,1
1135,2220,443,0,1,0
62,23580,8080,1,0,0
1401,62264,443,0,1,0
249,15586,21,0,1,0
43,53395,80,1,0,1
72,10623,993,0,1,0
62,52296,993,0,1,0
44,36074,80,1,0,1
237,2340,110,0,1,0
42,32309,443,1,0,1
66,36281,21,1,0,0
1330,35309,8443,0,1,0
242,35655,3389,0,1,0
43,8661,3389,1,0,1
41,60632,80,1,0,1
1449,15003,993,0,1,0
57,51516,3389,0,1,0
50,10633,80,1,0,1
44,44650,80,1,0,1
1214,33426,8080,0,1,0
974,12057,110,0,1,0
73,40463,8080,0,1,0
56,45253,8080,0,1,0
68,52958,53,1,0,0
53,36438,80,1,0,1
50,20183,80,1,0,1
60,31875,80,0,1,0
57,1639,993,0,1,0
978,14403,993,0,1,0
53,45176,443,1,0,1
52,14297,443,1,0,1
41,39736,80,1,0,1
51,25419,443,1,0,1
47,18653,80,1,0,1
51,11506,443,1,0,1
51,57438,443,1,0,1
98,43017,22,0,1,0
792,53894,8080,0,1,0
48,44933,80,1,0,1
84,23528,443,0,1,0
943,53351,80,0,1,0
64,8277,8443,1,0,0
44,29156,80,1,0,1
54,29822,80,1,0,1
50,18834,443,1,0,1
47,49016,80,1,0,1
41,32242,80,1,0,1
84,51407,993,0,1,0
48,1660,80,1,0,1
53,29165,80,1,0,1
61,4810,143,0,1,0
48,34045,80,1,0,1
52,49009,80,1,0,1
67,53503,22,1,0,0
66,64232,25,1,0,0
67,20005,143,0,1,0
899,9092,143,0,1,0
52,63109,22,1,0,1
52,6728,22,1,0,1
50,61208,3389,1,0,1
68,27280,8443,1,0,0
46,54468,80,1,0,1
41,10701,443,1,0,1
1165,40212,80,0,1,0
40,7500,80,1,0,1
50,65120,80,1,0,1
949,31507,3389,0,1,0
715,23080,3389,0,1,0
52,12252,80,1,0,1
685,48586,8443,0,1,0
82,6057,993,0,1,0
44,32381,80,1,0,1
46,28219,80,1,0,1
53,45408,80,1,0,1
51,56513,443,1,0,1
47,45867,80,1,0,1
43,17982,80,1,0,1
47,57394,80,1,0,1
41,39055,443,1,0,1
46,38844,443,1,0,1
50,34562,80,1,0,1
53,36825,80,1,0,1
68,21,35856,1,1,0
907,4260,3389,0,1,0
1212,2331,80,0,1,0
53,15762,22,1,0,1
1286,18635,25,0,1,0
40,53817,22,1,0,1
49,49950,22,1,0,1
69,143,64898,1,1,0
82,33463,143,0,1,0
50,52714,3389,1,0,1
1185,13891,3389,0,1,0
51,58835,80,1,0,1
51,3453,80,1,0,1
1091,17261,8080,0,1,0
46,19057,443,1,0,1
54,4893,80,1,0,1
44,19117,443,1,0,1
951,57068,53,0,1,0
43,12308,80,1,0,1
942,19223,993,0,1,0
81,19795,21,0,1,0
50,65194,80,1,0,1
50,12566,443,1,0,1
797,4191,143,0,1,0
54,9704,80,1,0,1
73,80,36225,1,1,0
50,51849,22,1,0,1
46,59698,80,1,0,1
74,27974,53,0,1,0
664,13321,80,0,1,0
45,42324,80,1,0,1
1425,29250,3389,0,1,0
46,32438,80,1,0,1
52,52825,80,1,0,1
69,2601,143,0,1,0
1216,10738,8443,0,1,0
59,59909,21,0,1,0
74,27235,22,1,0,0
1452,6595,8080,0,1,0
67,993,6108,1,1,0
98,19348,443,0,1,0
1191,36620,3389,0,1,0
1117,30189,80,0,1,0
46,18691,22,1,0,1
89,43280,443,0,1,0
52,34666,80,1,0,1
675,48399,143,0,1,0
68,29275,25,1,0,0
64,55364,143,1,0,0
48,30510,80,1,0,1
53,20693,443,1,0,1
42,20420,443,1,0,1
65,42425,110,0,1,0
46,39570,80,1,0,1
41,65157,80,1,0,1
88,12727,25,0,1,0
48,46979,22,1,0,1
87,57380,8443,0,1,0
71,80,17359,1,1,0
1430,22566,53,0,1,0
52,55916,443,1,0,1
40,11739,3389,1,0,1
70,38368,443,0,1,0
44,41666,443,1,0,1
68,49693,8080,0,1,0
569,2613,110,0,1,0
61,32691,8443,1,0,0
42,59609,443,1,0,1
80,23015,443,0,1,0
64,53,56820,1,1,0
52,29903,443,1,0,1
1000,52673,8443,0,1,0
54,26849,22,1,0,1
44,3916,443,1,0,1
986,28260,25,0,1,0
54,49695,443,1,0,1
47,44441,443,1,0,1
841,41534,21,0,1,0
42,22370,80,1,0,1
40,15737,3389,1,0,1
66,993,29626,1,1,0
1027,15848,110,0,1,0
44,13622,3389,1,0,1
41,33899,443,1,0,1
70,3389,2615,1,1,0
46,63918,443,1,0,1
51,10332,80,1,0,1
40,2281,443,1,0,1
44,3138,443,1,0,1
50,13985,22,1,0,1
1395,29821,8443,0,1,0
43,7081,3389,1,0,1
64,143,9806,1,1,0
1302,19378,22,0,1,0
51,11583,80,1,0,1
323,63285,21,0,1,0
65,63437,80,0,1,0
47,27986,80,1,0,1
44,35365,443,1,0,1
69,7679,110,1,0,0
45,30506,443,1,0,1
54,43096,80,1,0,1
92,63556,110,0,1,0
53,10328,443,1,0,1
48,10460,443,1,0,1
487,29827,3389,0,1,0
648,27445,443,0,1,0
889,12891,53,0,1,0
42,41028,80,1,0,1
83,42529,3389,0,1,0
43,22064,80,1,0,1
59,61454,8443,0,1,0
51,19791,443,1,0,1
47,19618,80,1,0,1
95,27205,143,0,1,0
98,26210,53,0,1,0
47,51590,80,1,0,1
47,54486,443,1,0,1
52,1520,443,1,0,1
501,7163,21,0,1,0
63,58878,21,1,0,0
973,20924,110,0,1,0
49,56661,80,1,0,1
49,50329,80,1,0,1
1396,57723,8443,0,1,0
817,55155,443,0,1,0
46,39403,443,1,0,1
77,62354,25,0,1,0
1276,60364,22,0,1,0
83,26387,21,0,1,0
544,15506,53,0,1,0
47,10940,80,1,0,1
73,54322,22,1,0,0
45,21708,443,1,0,1
46,29173,443,1,0,1
46,28377,22,1,0,1
45,1684,80,1,0,1
52,9578,80,1,0,1
51,49104,443,1,0,1
92,15154,25,0,1,0
67,59449,110,1,0,0
54,58260,22,1,0,1
749,42069,53,0,1,0
50,35272,80,1,0,1
1122,33465,443,0,1,0
54,29484,80,1,0,1
387,46992,25,0,1,0
44,64235,22,1,0,1
91,18541,22,0,1,0
223,33351,3389,0,1,0
68,993,35104,1,1,0
43,46681,80,1,0,1
62,24968,443,1,0,0
46,18879,22,1,0,1
78,58632,143,0,1,0
53,40260,80,1,0,1
592,20834,80,0,1,0
40,43483,80,1,0,1
40,23012,22,1,0,1
71,25186,3389,0,1,0
50,42652,80,1,0,1
836,32802,80,0,1,0
60,2215,110,0,1,0
50,30114,80,1,0,1
1327,43576,53,0,1,0
49,37972,80,1,0,1
64,80,61485,1,1,0
63,8443,47566,1,1,0
66,26449,993,0,1,0
1401,24401,22,0,1,0
43,17166,443,1,0,1
53,29037,443,1,0,1
64,53,41353,1,1,0
40,54824,80,1,0,1
552,44551,21,0,1,0
40,64254,443,1,0,1
49,21068,80,1,0,1
44,42386,443,1,0,1
47,34560,443,1,0,1
312,11884,22,0,1,0
57,7215,53,0,1,0
65,53,18506,1,1,0
46,39039,80,1,0,1
626,25330,110,0,1,0
48,42194,443,1,0,1
44,36419,443,1,0,1
1143,64169,443,0,1,0
77,22459,53,0,1,0
43,33286,443,1,0,1
51,5947,80,1,0,1
49,16855,443,1,0,1
68,57580,22,1,0,0
95,60682,993,0,1,0
50,4794,80,1,0,1
54,56131,80,1,0,1
1086,52005,110,0,1,0
54,51910,443,1,0,1
65,60223,25,0,1,0
84,20596,143,0,1,0
50,53139,443,1,0,1
62,52962,3389,1,0,0
1384,61740,3389,0,1,0
96,23583,8443,0,1,0
42,1940,443,1,0,1
49,6279,22,1,0,1
59,18611,22,0,1,0
48,44266,443,1,0,1
43,29490,80,1,0,1
53,41785,443,1,0,1
45,63510,80,1,0,1
45,8654,80,1,0,1
46,9998,443,1,0,1
53,16725,443,1,0,1
1408,36844,80,0,1,0
98,6098,8443,0,1,0
41,39977,443,1,0,1
51,53525,80,1,0,1
48,7074,443,1,0,1
644,5049,993,0,1,0
52,58394,80,1,0,1
54,17140,22,1,0,1
46,36542,3389,1,0,1
45,43060,80,1,0,1
52,18517,443,1,0,1
774,65224,3389,0,1,0
41,61134,80,1,0,1
41,40794,80,1,0,1
41,52272,80,1,0,1
41,55790,3389,1,0,1
560,10125,993,0,1,0
40,53659,443,1,0,1
48,24981,80,1,0,1
43,37645,443,1,0,1
54,14435,80,1,0,1
53,37159,3389,1,0,1
40,10635,80,1,0,1
321,16673,8080,0,1,0
47,23772,443,1,0,1
41,33999,443,1,0,1
48,8082,80,1,0,1
722,9268,143,0,1,0
278,60790,80,0,1,0
73,12285,21,1,0,0
64,2254,21,0,1,0
51,27904,443,1,0,1
54,36313,993,0,1,0
1036,23456,143,0,1,0
41,65013,443,1,0,1
45,49768,80,1,0,1
83,32922,993,0,1,0
99,19085,22,0,1,0
52,43746,80,1,0,1
65,21788,22,1,0,0
1197,21832,8443,0,1,0
257,47193,443,0,1,0
53,54403,22,1,0,1
51,10025,80,1,0,1
1224,61372,143,0,1,0
49,63475,3389,1,0,1
71,21382,53,1,0,0
70,25,13881,1,1,0
40,27526,22,1,0,1
795,19044,80,0,1,0
48,33872,443,1,0,1
943,35728,8443,0,1,0
49,24389,443,1,0,1
40,61186,80,1,0,1
40,33268,80,1,0,1
82,63918,110,0,1,0
71,50136,143,0,1,0
46,37220,80,1,0,1
684,33454,993,0,1,0
72,64336,8080,0,1,0
40,46406,80,1,0,1
50,16969,22,1,0,1
75,57851,143,0,1,0
52,51216,22,1,0,1
67,8443,22587,1,1,0
353,20734,80,0,1,0
48,43715,443,1,0,1
73,8443,22534,1,1,0
47,51264,443,1,0,1
45,34569,80,1,0,1
58,7032,25,0,1,0
54,51969,443,1,0,1
91,2931,53,0,1,0
70,11753,993,1,0,0
1338,46266,3389,0,1,0
811,38285,21,0,1,0
46,12554,80,1,0,1
70,29785,993,1,0,0
84,27660,110,0,1,0
76,52070,143,0,1,0
1146,7740,25,0,1,0
71,55022,993,0,1,0
46,51866,80,1,0,1
42,24668,80,1,0,1
40,5600,80,1,0,1
49,23048,80,1,0,1
342,56714,8443,0,1,0
1187,51086,8443,0,1,0
44,40826,80,1,0,1
86,57256,443,0,1,0
62,22,14011,1,1,0
712,4136,3389,0,1,0
76,46236,8080,0,1,0
69,110,39025,1,1,0
70,64406,143,0,1,0
1019,23337,143,0,1,0
43,39761,80,1,0,1
79,19469,25,0,1,0
64,50782,22,1,0,0
66,50747,53,0,1,0
46,53881,80,1,0,1
52,27996,443,1,0,1
48,2139,443,1,0,1
45,38235,80,1,0,1
969,1183,21,0,1,0
1327,21243,8443,0,1,0
85,55484,3389,0,1,0
68,5591,22,0,1,0
743,28100,21,0,1,0
72,14300,22,0,1,0
393,2516,21,0,1,0
58,10897,8443,0,1,0
504,3022,993,0,1,0
41,32392,80,1,0,1
42,6265,80,1,0,1
75,47775,110,0,1,0
736,22107,22,0,1,0
766,61541,143,0,1,0
52,53213,3389,1,0,1
64,3129,21,1,0,0
703,38779,22,0,1,0
42,55873,443,1,0,1
42,26129,80,1,0,1
61,21013,993,0,1,0
47,20341,80,1,0,1
1086,8875,3389,0,1,0
84,48140,80,0,1,0
52,35698,80,1,0,1
575,10195,80,0,1,0
58,22422,443,0,1,0
43,44060,443,1,0,1
96,34326,53,0,1,0
89,55170,53,0,1,0
52,39452,80,1,0,1
49,38362,443,1,0,1
329,31526,110,0,1,0
42,27572,443,1,0,1
925,23876,8443,0,1,0
48,26675,80,1,0,1
40,16226,80,1,0,1
73,21,13737,1,1,0
44,18649,22,1,0,1
82,23730,443,0,1,0
49,35041,443,1,0,1
43,48030,3389,1,0,1
46,27731,443,1,0,1
44,39727,80,1,0,1
90,8557,21,0,1,0
1041,46695,8443,0,1,0
60,8080,36220,1,1,0
70,8443,43231,1,1,0
54,39759,80,1,0,1
300,37698,143,0,1,0
66,12154,53,1,0,0
72,110,48319,1,1,0
49,50320,443,1,0,1
60,143,42870,1,1,0
71,15707,8443,1,0,0
757,56412,110,0,1,0
61,30773,25,1,0,0
41,61127,80,1,0,1
50,18454,80,1,0,1
40,64716,80,1,0,1
65,46771,25,0,1,0
797,45784,80,0,1,0
40,14049,80,1,0,1
52,32413,3389,1,0,1
53,38054,80,1,0,1
41,46732,22,1,0,1
335,17233,443,0,1,0
1342,17739,8443,0,1,0
45,20446,443,1,0,1
70,25,50162,1,1,0
62,62413,3389,1,0,0
72,47226,143,0,1,0
53,23612,80,1,0,1
48,17129,443,1,0,1
50,57903,80,1,0,1
42,42009,443,1,0,1
70,80,62270,1,1,0
44,18287,22,1,0,1
71,993,9097,1,1,0
44,50068,80,1,0,1
47,29463,443,1,0,1
49,4242,443,1,0,1
92,57264,21,0,1,0
49,16548,80,1,0,1
41,39132,80,1,0,1
43,30454,3389,1,0,1
43,32229,80,1,0,1
96,27361,21,0,1,0
54,34464,443,1,0,1
96,9331,443,0,1,0
54,38509,443,1,0,1
62,20089,8080,1,0,0
777,41607,110,0,1,0
200,25844,443,0,1,0
65,18361,25,1,0,0
48,62586,443,1,0,1
50,62845,80,1,0,1
49,38398,3389,1,0,1
43,35307,80,1,0,1
47,34300,80,1,0,1
249,40772,8443,0,1,0
46,55200,443,1,0,1
64,20797,8080,0,1,0
54,25942,443,1,0,1
585,13330,993,0,1,0
76,56255,25,0,1,0
53,7012,443,1,0,1
54,30082,80,1,0,1
52,30386,80,1,0,1
56,24307,8080,0,1,0
45,34610,443,1,0,1
50,44163,443,1,0,1
580,10593,3389,0,1,0
44,23489,80,1,0,1
44,30072,80,1,0,1
739,51764,22,0,1,0
79,29488,25,0,1,0
48,30905,3389,1,0,1
53,35814,3389,1,0,1
44,36296,22,1,0,1
41,21762,443,1,0,1
1045,35020,8443,0,1,0
1036,18733,143,0,1,0
96,44516,25,0,1,0
98,6607,8080,0,1,0
42,21646,80,1,0,1
41,15203,80,1,0,1
777,57139,110,0,1,0
43,18312,80,1,0,1
603,43094,80,0,1,0
47,53333,443,1,0,1
63,8080,8083,1,1,0
74,3873,3389,1,0,0
460,29196,25,0,1,0
57,4364,53,0,1,0
512,23078,80,0,1,0
74,8080,24674,1,1,0
44,37759,80,1,0,1
54,49092,993,0,1,0
73,10686,21,1,0,0
41,65429,80,1,0,1
43,14272,443,1,0,1
50,7375,443,1,0,1
45,51040,443,1,0,1
62,22,32622,1,1,0
1204,55152,21,0,1,0
1443,57746,443,0,1,0
56,18332,53,0,1,0
48,60414,80,1,0,1
64,3389,11201,1,1,0
46,44894,443,1,0,1
50,16391,22,1,0,1
43,65327,80,1,0,1
48,39682,80,1,0,1
42,41183,80,1,0,1
48,53352,80,1,0,1
47,11232,443,1,0,1
88,10021,143,0,1,0
1095,64785,3389,0,1,0
93,17702,993,0,1,0
50,25060,443,1,0,1
62,110,24435,1,1,0
43,21116,80,1,0,1
1027,49462,80,0,1,0
52,3117,80,1,0,1
61,8080,36636,1,1,0
53,19704,443,1,0,1
49,57806,80,1,0,1
59,62455,8080,0,1,0
43,55643,22,1,0,1
50,63032,443,1,0,1
52,3508,80,1,0,1
99,64747,22,0,1,0
40,46234,22,1,0,1
62,53616,21,0,1,0
824,57603,80,0,1,0
44,2184,80,1,0,1
481,46663,443,0,1,0
74,3389,34086,1,1,0
851,26259,8443,0,1,0
56,14351,8443,0,1,0
73,25301,143,0,1,0
418,29271,21,0,1,0
81,41899,21,0,1,0
93,43838,21,0,1,0
57,59555,53,0,1,0
715,9735,8080,0,1,0
555,21156,22,0,1,0
787,38846,22,0,1,0
54,61101,443,1,0,1
78,43446,143,0,1,0
51,58826,80,1,0,1
53,29823,80,1,0,1
52,17948,443,1,0,1
42,7131,80,1,0,1
1061,12214,53,0,1,0
63,21,24845,1,1,0
84,2402,8080,0,1,0
50,32579,22,1,0,1
45,49801,22,1,0,1
48,8911,80,1,0,1
361,10107,8080,0,1,0
41,23183,80,1,0,1
51,60179,443,1,0,1
50,59871,80,1,0,1
788,22336,993,0,1,0
703,55278,8080,0,1,0
45,62734,80,1,0,1
742,42886,993,0,1,0
53,9954,80,1,0,1
48,12918,443,1,0,1
42,6454,80,1,0,1
464,29423,21,0,1,0
45,45740,22,1,0,1
1161,40856,80,0,1,0
502,62374,80,0,1,0
967,40129,143,0,1,0
46,3644,443,1,0,1
63,80,30149,1,1,0
68,60849,22,0,1,0
42,11339,80,1,0,1
1405,18082,110,0,1,0
53,46540,3389,1,0,1
48,25175,80,1,0,1
55,42335,80,0,1,0
42,53258,80,1,0,1
54,51170,80,1,0,1
54,20166,3389,1,0,1
304,9629,443,0,1,0
67,110,27613,1,1,0
45,11506,80,1,0,1
49,26254,443,1,0,1
677,64339,993,0,1,0
61,33943,110,0,1,0
658,24197,53,0,1,0
218,34178,143,0,1,0
604,57713,443,0,1,0
74,443,61697,1,1,0
783,30528,443,0,1,0
1300,3193,3389,0,1,0
47,6263,443,1,0,1
47,16981,80,1,0,1
97,33288,80,0,1,0
47,49675,443,1,0,1
63,30992,993,0,1,0
68,23033,21,1,0,0
43,53986,80,1,0,1
41,17595,22,1,0,1
464,24840,443,0,1,0
50,24041,80,1,0,1
44,34768,22,1,0,1
47,58322,80,1,0,1
91,15844,993,0,1,0
46,55425,22,1,0,1
47,16503,443,1,0,1
1158,18321,443,0,1,0
49,29185,443,1,0,1
45,49229,22,1,0,1
42,18297,443,1,0,1
53,29897,3389,1,0,1
43,30984,80,1,0,1
98,24858,22,0,1,0
47,23809,22,1,0,1
48,43889,80,1,0,1
41,59854,80,1,0,1
325,14678,25,0,1,0
644,51618,8080,0,1,0
74,44943,22,1,0,0
49,36500,443,1,0,1
42,56805,3389,1,0,1
56,43003,80,0,1,0
68,28247,21,0,1,0
53,34846,443,1,0,1
54,64003,3389,1,0,1
89,21449,993,0,1,0
41,18064,80,1,0,1
434,27941,3389,0,1,0
50,31175,80,1,0,1
49,2103,80,1,0,1
73,1875,8080,1,0,0
490,39268,8443,0,1,0
73,32899,80,0,1,0
1142,16538,80,0,1,0
53,62623,443,1,0,1
46,61095,3389,1,0,1
300,51673,21,0,1,0
67,3905,443,0,1,0
66,8443,21041,1,1,0
861,19717,110,0,1,0
44,20140,443,1,0,1
51,31309,80,1,0,1
49,22628,80,1,0,1
707,52170,8443,0,1,0
99,11424,8080,0,1,0
49,19988,443,1,0,1
50,19368,443,1,0,1
542,63517,80,0,1,0
50,5882,80,1,0,1
61,46270,8443,0,1,0
47,39934,80,1,0,1
52,64613,3389,1,0,1
68,42579,53,1,0,0
96,10295,993,0,1,0
76,8812,993,0,1,0
51,41799,80,1,0,1
41,32382,443,1,0,1
75,35782,53,0,1,0
565,54141,22,0,1,0
1143,62073,53,0,1,0
68,13045,143,0,1,0
66,14417,21,0,1,0
47,42444,80,1,0,1
54,36614,3389,1,0,1
803,50453,443,0,1,0
44,11940,443,1,0,1
46,34294,443,1,0,1
48,12316,443,1,0,1
48,24116,80,1,0,1
96,54658,3389,0,1,0
492,44080,25,0,1,0
40,42822,80,1,0,1
45,62388,443,1,0,1
895,41610,21,0,1,0
43,28481,3389,1,0,1
372,21046,8080,0,1,0
62,46764,8443,1,0,0
42,44308,443,1,0,1
46,12160,22,1,0,1
48,4463,3389,1,0,1
52,10687,443,1,0,1
54,49482,3389,1,0,1
70,39126,3389,1,0,0
66,58228,21,0,1,0
640,23076,80,0,1,0
49,54725,80,1,0,1
45,17654,443,1,0,1
51,50468,80,1,0,1
50,7634,443,1,0,1
54,12464,110,0,1,0
395,12715,143,0,1,0
250,48799,21,0,1,0
82,64006,143,0,1,0
61,35608,993,1,0,0
69,3986,110,0,1,0
387,42370,8443,0,1,0
50,44338,80,1,0,1
40,58266,22,1,0,1
67,5392,443,0,1,0
47,20370,80,1,0,1
50,31122,22,1,0,1
60,4182,25,0,1,0
62,52420,8080,0,1,0
67,53,62503,1,1,0
305,4291,80,0,1,0
63,51324,993,1,0,0
567,35348,8080,0,1,0
53,5323,80,1,0,1
71,59043,443,1,0,0
55,12719,22,0,1,0
72,21,59786,1,1,0
65,42999,21,1,0,0
99,49541,22,0,1,0
47,22791,80,1,0,1
82,42703,8443,0,1,0
90,52726,22,0,1,0
753,12552,22,0,1,0
73,6076,8443,1,0,0
43,59406,80,1,0,1
60,21,12407,1,1,0
41,15730,80,1,0,1
96,60147,22,0,1,0
47,13263,443,1,0,1
85,45244,25,0,1,0
67,8080,49925,1,1,0
40,36838,22,1,0,1
71,38504,993,0,1,0
43,62942,80,1,0,1
40,23096,80,1,0,1
52,4002,22,1,0,1
47,30756,80,1,0,1
52,2065,80,1,0,1
41,24802,443,1,0,1
42,15932,22,1,0,1
68,9950,8443,0,1,0
45,6313,3389,1,0,1
1193,45924,8443,0,1,0
90,24673,993,0,1,0
48,11326,80,1,0,1
47,40791,443,1,0,1
49,52769,80,1,0,1
54,58676,3389,1,0,1
45,55239,443,1,0,1
54,11882,80,1,0,1
67,53,21018,1,1,0
49,14947,443,1,0,1
41,2774,22,1,0,1
54,25347,443,1,0,1
413,44639,80,0,1,0
47,47539,80,1,0,1
40,23232,80,1,0,1
79,18475,8080,0,1,0
48,43053,22,1,0,1
70,45386,110,0,1,0
52,56942,80,1,0,1
389,32303,143,0,1,0
65,3389,48351,1,1,0
364,60065,80,0,1,0
67,17276,110,0,1,0
48,52764,443,1,0,1
46,34438,80,1,0,1
76,14822,143,0,1,0
627,17312,25,0,1,0
65,22,54971,1,1,0
62,110,23558,1,1,0
49,26375,80,1,0,1
69,21930,25,0,1,0
47,13142,443,1,0,1
50,40253,3389,1,0,1
65,42956,3389,0,1,0
72,31631,21,0,1,0
47,8382,22,1,0,1
305,43970,3389,0,1,0
52,39548,80,1,0,1
41,54194,80,1,0,1
612,54408,8080,0,1,0
1054,56769,110,0,1,0
62,8443,45437,1,1,0
44,29608,443,1,0,1
1128,36087,993,0,1,0
67,24649,80,1,0,0
51,33039,80,1,0,1
52,13100,80,1,0,1
64,8103,110,1,0,0
67,47756,3389,1,0,0
72,28687,8080,1,0,0
88,6642,143,0,1,0
41,34607,443,1,0,1
1341,24578,53,0,1,0
98,56589,25,0,1,0
40,42024,3389,1,0,1
49,13795,80,1,0,1
1398,14419,143,0,1,0
52,32679,80,1,0,1
60,6478,993,0,1,0
46,4847,80,1,0,1
54,49950,80,1,0,1
53,51505,443,1,0,1
64,10372,80,1,0,0
1290,1906,110,0,1,0
52,36814,443,1,0,1
46,34505,80,1,0,1
95,16535,21,0,1,0
45,10729,80,1,0,1
43,56072,80,1,0,1
88,18656,8080,0,1,0
53,21324,22,1,0,1
73,16828,8080,0,1,0
43,42985,3389,1,0,1
77,22674,143,0,1,0
41,24481,443,1,0,1
1326,59953,21,0,1,0
1045,34156,993,0,1,0
42,57916,3389,1,0,1
52,28103,443,1,0,1
48,13553,443,1,0,1
63,42845,443,0,1,0
52,4700,80,1,0,1
476,59341,110,0,1,0
541,27110,993,0,1,0
43,52076,443,1,0,1
72,62653,53,1,0,0
449,12974,22,0,1,0
54,14932,443,1,0,1
62,7825,8080,1,0,0
41,36060,443,1,0,1
71,36219,8080,1,0,0
50,8934,80,1,0,1
70,17920,53,1,0,0
48,55208,443,1,0,1
40,52846,80,1,0,1
48,39693,443,1,0,1
44,64823,443,1,0,1
62,7612,22,1,0,0
40,21749,80,1,0,1
44,26452,80,1,0,1
74,46063,3389,0,1,0
67,61629,110,1,0,0
40,20227,443,1,0,1
53,57890,443,1,0,1
731,53912,53,0,1,0
1356,37292,110,0,1,0
41,29107,22,1,0,1
48,58223,443,1,0,1
47,41160,443,1,0,1
67,36877,21,0,1,0
53,9522,80,1,0,1
69,11388,21,0,1,0
44,34951,443,1,0,1
43,64091,80,1,0,1
494,30057,3389,0,1,0
49,44037,80,1,0,1
72,56095,80,1,0,0
91,24913,25,0,1,0
61,58641,3389,0,1,0
51,34211,443,1,0,1
51,50187,22,1,0,1
43,37287,80,1,0,1
1269,64119,143,0,1,0
41,39689,443,1,0,1
51,49869,22,1,0,1
422,47427,8080,0,1,0
57,40707,8443,0,1,0
53,15770,80,1,0,1
40,13237,80,1,0,1
46,1593,80,1,0,1
43,49147,80,1,0,1
47,8154,443,1,0,1
50,16463,80,1,0,1
59,23468,110,0,1,0
70,31379,110,1,0,0
61,43372,25,1,0,0
42,1934,443,1,0,1
52,28292,80,1,0,1
98,18922,80,0,1,0
73,55867,80,1,0,0
58,37571,443,0,1,0
44,31072,443,1,0,1
50,20364,3389,1,0,1
88,53114,8443,0,1,0
43,46302,80,1,0,1
45,45920,443,1,0,1
240,28252,3389,0,1,0
982,32590,8443,0,1,0
878,33106,22,0,1,0
48,34981,443,1,0,1
52,56285,80,1,0,1
46,26598,80,1,0,1
52,21608,80,1,0,1
1114,28388,8443,0,1,0
51,14791,80,1,0,1
836,3228,3389,0,1,0
49,53507,80,1,0,1
51,22081,443,1,0,1
73,31469,53,1,0,0
667,54957,53,0,1,0
60,47829,21,0,1,0
872,41719,8443,0,1,0
60,53,18367,1,1,0
62,53973,993,0,1,0
41,21921,443,1,0,1
72,21,7207,1,1,0
49,37187,443,1,0,1
64,143,16609,1,1,0
44,45895,80,1,0,1
42,22900,443,1,0,1
62,14308,8443,1,0,0
85,58734,80,0,1,0
46,11188,3389,1,0,1
48,56333,443,1,0,1
86,63723,143,0,1,0
48,45537,80,1,0,1
91,39703,80,0,1,0
95,47240,8080,0,1,0
48,2621,3389,1,0,1
93,32682,80,0,1,0
1043,36658,80,0,1,0
966,55751,443,0,1,0
480,9179,110,0,1,0
53,58299,443,1,0,1
73,35659,143,0,1,0
48,11244,443,1,0,1
47,23377,80,1,0,1
69,3389,30033,1,1,0
59,47069,143,0,1,0
71,9205,110,0,1,0
44,34336,3389,1,0,1
40,58038,443,1,0,1
348,45719,80,0,1,0
63,53,65327,1,1,0
54,19878,443,1,0,1
41,10423,443,1,0,1
41,27986,3389,1,0,1
53,40070,80,1,0,1
1434,53783,143,0,1,0
41,17129,80,1,0,1
44,63925,80,1,0,1
67,5627,8443,0,1,0
87,52820,3389,0,1,0
44,5007,80,1,0,1
69,46453,22,0,1,0
424,10909,443,0,1,0
43,16027,443,1,0,1
47,20961,80,1,0,1
902,20032,21,0,1,0
49,1061,80,1,0,1
42,15521,443,1,0,1
62,10459,143,1,0,0
71,18043,80,1,0,0
42,14477,80,1,0,1
52,28074,80,1,0,1
53,32611,80,1,0,1
894,13490,993,0,1,0
286,46529,8443,0,1,0
228,62412,8080,0,1,0
78,41758,8080,0,1,0
53,55715,80,1,0,1
535,2543,8080,0,1,0
1116,3124,993,0,1,0
586,17265,8080,0,1,0
52,25429,22,1,0,1
43,25819,443,1,0,1
50,19836,443,1,0,1
63,38104,3389,1,0,0
48,48704,80,1,0,1
75,48435,22,0,1,0
1307,38489,8443,0,1,0
49,13443,80,1,0,1
52,15191,443,1,0,1
1432,63467,25,0,1,0
363,55844,21,0,1,0
43,57854,80,1,0,1
51,55792,443,1,0,1
93,39377,443,0,1,0
1443,13521,8443,0,1,0
63,3389,26955,1,1,0
862,24569,25,0,1,0
511,3035,993,0,1,0
63,36105,3389,0,1,0
40,48780,443,1,0,1
70,25,51160,1,1,0
58,41561,143,0,1,0
74,3389,51999,1,1,0
58,16883,22,0,1,0
63,59589,80,0,1,0
76,10861,25,0,1,0
49,31300,443,1,0,1
45,45263,80,1,0,1
48,16367,443,1,0,1
50,59350,443,1,0,1
53,23755,443,1,0,1
73,49845,993,0,1,0
235,47582,110,0,1,0
46,65414,80,1,0,1
54,6814,443,1,0,1
47,46789,443,1,0,1
390,6390,143,0,1,0
45,64602,22,1,0,1
61,27986,25,1,0,0
54,34238,143,0,1,0
1180,52919,143,0,1,0
49,31648,443,1,0,1
43,22306,80,1,0,1
47,57458,22,1,0,1
1155,29393,143,0,1,0
65,3389,49869,1,1,0
48,12552,80,1,0,1
65,57685,110,1,0,0
44,49113,80,1,0,1
40,41423,80,1,0,1
49,1233,80,1,0,1
92,59532,80,0,1,0
53,28634,443,1,0,1
41,59468,443,1,0,1
54,5175,80,1,0,1
43,50410,443,1,0,1
50,29188,22,1,0,1
44,33803,443,1,0,1
82,24369,25,0,1,0
47,43742,80,1,0,1
69,10940,8080,0,1,0
43,21193,80,1,0,1
395,44135,143,0,1,0
1340,4158,443,0,1,0
85,32400,22,0,1,0
64,33112,21,0,1,0
55,11167,80,0,1,0
41,26619,80,1,0,1
45,60276,443,1,0,1
42,8056,443,1,0,1
68,55908,143,1,0,0
53,14789,80,1,0,1
50,46863,80,1,0,1
708,19580,993,0,1,0
79,50792,110,0,1,0
1223,28069,8080,0,1,0
43,61190,80,1,0,1
67,17988,80,1,0,0
49,32669,3389,1,0,1
53,2884,3389,1,0,1
47,14806,80,1,0,1
53,64777,80,1,0,1
51,19320,80,1,0,1
45,31844,443,1,0,1
60,1441,22,1,0,0
55,63736,110,0,1,0
1189,22649,80,0,1,0
49,21368,443,1,0,1
48,48992,22,1,0,1
74,36113,80,0,1,0
53,8658,80,1,0,1
65,37943,8080,0,1,0
50,15985,80,1,0,1
54,22542,443,1,0,1
337,34228,25,0,1,0
60,41286,53,1,0,0
44,15463,443,1,0,1
41,38653,80,1,0,1
626,2899,80,0,1,0
43,48433,443,1,0,1
54,49722,443,1,0,1
54,15318,443,1,0,1
46,31677,443,1,0,1
46,21622,80,1,0,1
50,43794,443,1,0,1
43,24365,80,1,0,1
46,21180,80,1,0,1
980,16397,22,0,1,0
61,8443,10101,1,1,0
96,23837,3389,0,1,0
69,46041,25,1,0,0
63,25,32599,1,1,0
52,56510,80,1,0,1
45,34206,443,1,0,1
66,8443,3420,1,1,0
68,4937,21,1,0,0
46,62280,80,1,0,1
941,20249,110,0,1,0
49,10652,80,1,0,1
46,21951,443,1,0,1
67,20894,143,1,0,0
416,39357,53,0,1,0
68,50073,53,1,0,0
49,35076,443,1,0,1
45,40183,3389,1,0,1
48,17522,80,1,0,1
513,31140,143,0,1,0
40,53696,443,1,0,1
1280,63546,8443,0,1,0
563,35943,22,0,1,0
552,18593,8080,0,1,0
1130,59253,993,0,1,0
74,12540,21,0,1,0
45,1784,80,1,0,1
49,40346,3389,1,0,1
81,45487,21,0,1,0
43,52720,443,1,0,1
68,38283,110,1,0,0
47,50330,80,1,0,1
382,28771,25,0,1,0
86,3179,3389,0,1,0
41,37071,80,1,0,1
52,64139,80,1,0,1
64,993,42779,1,1,0
48,56328,443,1,0,1
46,23209,22,1,0,1
81,50761,3389,0,1,0
1327,42181,21,0,1,0
40,18118,80,1,0,1
49,14819,443,1,0,1
52,28783,80,1,0,1
47,23087,80,1,0,1
42,7742,80,1,0,1
1099,35239,22,0,1,0
426,32250,25,0,1,0
52,16635,80,1,0,1
47,41819,80,1,0,1
58,46787,443,0,1,0
42,22597,80,1,0,1
48,26419,443,1,0,1
46,52394,443,1,0,1
46,62221,80,1,0,1
47,27543,443,1,0,1
68,38122,3389,1,0,0
1248,37328,993,0,1,0
72,3055,143,0,1,0
42,38836,3389,1,0,1
45,8447,3389,1,0,1
49,57998,80,1,0,1
47,63187,80,1,0,1
62,61590,110,1,0,0
40,37884,80,1,0,1
43,52690,443,1,0,1
45,58754,80,1,0,1
53,43770,80,1,0,1
79,16984,22,0,1,0
53,47324,80,1,0,1
41,10641,22,1,0,1
40,18083,443,1,0,1
762,29478,22,0,1,0
66,143,54292,1,1,0
41,9402,80,1,0,1
42,7511,80,1,0,1
96,60135,993,0,1,0
61,21,7564,1,1,0
41,13330,80,1,0,1
77,41229,25,0,1,0
82,34710,8443,0,1,0
48,55579,443,1,0,1
51,60392,443,1,0,1
43,3694,22,1,0,1
53,51834,443,1,0,1
87,46288,993,0,1,0
41,43708,443,1,0,1
42,2408,80,1,0,1
65,31504,21,0,1,0
50,47756,80,1,0,1
323,57402,8443,0,1,0
47,49118,443,1,0,1
50,39094,80,1,0,1
41,40575,80,1,0,1
72,5166,21,1,0,0
1212,44333,3389,0,1,0
1059,29014,110,0,1,0
76,16905,21,0,1,0
41,19550,80,1,0,1
605,45813,8443,0,1,0
73,58793,443,0,1,0
78,57119,143,0,1,0
42,42390,22,1,0,1
47,41663,80,1,0,1
552,60524,110,0,1,0
46,9630,3389,1,0,1
43,63481,443,1,0,1
54,27868,443,1,0,1
66,9740,3389,1,0,0
52,26568,22,1,0,1
48,7236,443,1,0,1
50,50801,443,1,0,1
43,28168,80,1,0,1
51,49316,3389,1,0,1
770,53452,25,0,1,0
41,56013,443,1,0,1
94,11764,8080,0,1,0
59,61117,8080,0,1,0
60,14524,21,1,0,0
46,30741,80,1,0,1
74,60990,443,0,1,0
63,12381,25,0,1,0
42,53894,443,1,0,1
50,61863,22,1,0,1
41,20512,443,1,0,1
98,41301,110,0,1,0
50,13833,22,1,0,1
62,25,54649,1,1,0
46,8952,443,1,0,1
52,5770,80,1,0,1
1249,1953,110,0,1,0
46,47093,80,1,0,1
1343,2122,110,0,1,0
44,57877,22,1,0,1
63,23410,25,1,0,0
1179,19777,8080,0,1,0
50,21661,443,1,0,1
54,24579,443,1,0,1
1320,49176,21,0,1,0
67,53,61934,1,1,0
47,51537,80,1,0,1
1299,29963,443,0,1,0
84,64285,443,0,1,0
869,17020,22,0,1,0
40,5602,80,1,0,1
75,27336,53,0,1,0
1004,15162,22,0,1,0
877,1581,8443,0,1,0
42,46703,443,1,0,1
45,56275,443,1,0,1
45,62665,80,1,0,1
50,1075,80,1,0,1
53,13999,80,1,0,1
596,7055,8080,0,1,0
40,3910,443,1,0,1
53,19681,80,1,0,1
51,14906,443,1,0,1
64,55363,22,0,1,0
41,60989,443,1,0,1
1278,41727,143,0,1,0
53,6563,80,1,0,1
42,12203,80,1,0,1
51,42960,80,1,0,1
40,5815,80,1,0,1
1325,38877,993,0,1,0
264,58909,21,0,1,0
53,13324,443,1,0,1
51,41765,443,1,0,1
41,17726,3389,1,0,1
60,24984,8443,1,0,0
51,7901,80,1,0,1
351,18462,25,0,1,0
97,34920,143,0,1,0
42,59505,80,1,0,1
69,21,53954,1,1,0
786,16396,143,0,1,0
46,15391,443,1,0,1
44,6813,80,1,0,1
44,8631,22,1,0,1
53,6379,22,1,0,1
53,58344,80,1,0,1
71,15225,443,0,1,0
41,12960,22,1,0,1
42,19322,443,1,0,1
54,55848,80,1,0,1
62,8443,15312,1,1,0
67,22,21006,1,1,0
272,61035,3389,0,1,0
50,26128,22,1,0,1
70,25,22476,1,1,0
358,21480,80,0,1,0
41,4712,22,1,0,1
54,59292,443,1,0,1
42,19426,22,1,0,1
382,57022,8443,0,1,0
43,20489,443,1,0,1
53,50931,443,1,0,1
51,64954,80,1,0,1
50,49912,443,1,0,1
54,32427,80,1,0,1
51,2383,443,1,0,1
40,60973,443,1,0,1
45,58944,443,1,0,1
41,17250,443,1,0,1
82,24848,143,0,1,0
47,29902,443,1,0,1
62,55772,25,1,0,0
46,19195,80,1,0,1
45,24147,80,1,0,1
836,11356,143,0,1,0
41,30393,3389,1,0,1
289,20014,8443,0,1,0
74,110,52051,1,1,0
57,38040,53,0,1,0
76,35498,993,0,1,0
47,19730,80,1,0,1
613,25111,8080,0,1,0
924,35856,8443,0,1,0
75,59557,8443,0,1,0
40,63136,443,1,0,1
40,13831,443,1,0,1
46,18324,443,1,0,1
48,37543,22,1,0,1
45,62848,80,1,0,1
43,20488,443,1,0,1
45,10090,80,1,0,1
52,33298,3389,1,0,1
44,5680,22,1,0,1
41,63427,22,1,0,1
47,18458,443,1,0,1
97,7882,110,0,1,0
52,23328,3389,1,0,1
50,32014,80,1,0,1
85,25450,443,0,1,0
441,22817,143,0,1,0
41,59211,22,1,0,1
666,41615,3389,0,1,0
856,27786,143,0,1,0
286,31646,993,0,1,0
787,29352,993,0,1,0
482,6963,443,0,1,0
53,42656,22,1,0,1
238,8951,53,0,1,0
52,19919,80,1,0,1
71,19094,8080,1,0,0
51,32624,80,1,0,1
88,12994,993,0,1,0
72,47220,110,1,0,0
41,48674,443,1,0,1
46,39338,80,1,0,1
95,1917,80,0,1,0
50,31587,80,1,0,1
46,26491,80,1,0,1
68,13656,21,0,1,0
47,38767,80,1,0,1
51,30897,443,1,0,1
51,59075,443,1,0,1
49,45840,443,1,0,1
40,33454,80,1,0,1
646,20527,8080,0,1,0
42,51969,22,1,0,1
71,28216,8080,1,0,0
50,10499,80,1,0,1
79,22662,3389,0,1,0
56,53140,3389,0,1,0
68,11369,22,0,1,0
44,35003,3389,1,0,1
1426,33269,110,0,1,0
42,17102,443,1,0,1
1354,21471,993,0,1,0
44,13006,80,1,0,1
44,58165,80,1,0,1
53,38054,443,1,0,1
60,8080,993,1,0,0
54,7050,443,1,0,1
70,2174,110,1,0,0
43,41958,80,1,0,1
74,3389,60621,1,1,0
43,33329,443,1,0,1
42,56279,443,1,0,1
49,4448,443,1,0,1
66,35602,8080,1,0,0
65,58495,3389,1,0,0
1288,29693,22,0,1,0
89,56216,8443,0,1,0
69,43089,8080,0,1,0
74,10971,443,0,1,0
54,22735,443,1,0,1
71,1808,3389,1,0,0
54,12384,22,0,1,0
52,6923,80,1,0,1
44,1388,80,1,0,1
41,19589,80,1,0,1
66,59507,443,1,0,0
969,44973,143,0,1,0
421,42584,53,0,1,0
84,53115,21,0,1,0
79,60494,110,0,1,0
46,2892,443,1,0,1
828,14773,8443,0,1,0
44,65109,443,1,0,1
60,33948,25,0,1,0
285,34727,443,0,1,0
75,36422,443,0,1,0
46,20526,22,1,0,1
44,41162,443,1,0,1
52,55696,80,1,0,1
63,80,61136,1,1,0
1035,8214,53,0,1,0
89,27679,110,0,1,0
47,27486,80,1,0,1
1156,62464,22,0,1,0
47,7932,443,1,0,1
45,40223,80,1,0,1
54,25786,80,1,0,1
50,50969,80,1,0,1
96,48916,53,0,1,0
801,9571,53,0,1,0
53,24283,22,1,0,1
506,19254,8443,0,1,0
1450,29206,22,0,1,0
52,7642,22,1,0,1
41,27690,22,1,0,1
1340,42713,3389,0,1,0
1050,7463,22,0,1,0
46,53851,443,1,0,1
53,1708,443,1,0,1
248,58158,143,0,1,0
1105,16217,3389,0,1,0
50,35767,80,1,0,1
45,47084,80,1,0,1
692,4387,993,0,1,0
47,52388,443,1,0,1
51,12702,80,1,0,1
54,4907,443,1,0,1
49,29547,3389,1,0,1
54,55455,443,1,0,1
49,22610,80,1,0,1
66,8443,39851,1,1,0
41,61812,3389,1,0,1
48,4523,80,1,0,1
46,14304,80,1,0,1
82,52357,143,0,1,0
682,12968,53,0,1,0
42,33694,443,1,0,1
44,2526,443,1,0,1
40,12596,22,1,0,1
1384,41336,53,0,1,0
43,32183,80,1,0,1
52,62033,443,1,0,1
48,63768,80,1,0,1
41,38680,80,1,0,1
44,3861,22,1,0,1
88,9905,80,0,1,0
44,56268,80,1,0,1
436,40444,110,0,1,0
49,21728,80,1,0,1
561,49038,993,0,1,0
239,48488,143,0,1,0
301,10452,25,0,1,0
74,9335,3389,1,0,0
823,11457,3389,0,1,0
41,2509,80,1,0,1
460,28029,8080,0,1,0
78,5035,80,0,1,0
53,57790,443,1,0,1
49,53292,80,1,0,1
48,12292,80,1,0,1
53,13267,443,1,0,1
605,20242,8080,0,1,0
47,2752,80,1,0,1
53,59808,80,1,0,1
49,9084,443,1,0,1
760,47123,443,0,1,0
62,46270,21,0,1,0
65,28049,110,0,1,0
60,1436,22,1,0,0
242,11237,143,0,1,0
1419,20619,25,0,1,0
1116,35648,993,0,1,0
47,35469,80,1,0,1
73,16605,80,0,1,0
986,63867,21,0,1,0
50,44508,443,1,0,1
61,28408,21,1,0,0
220,19650,22,0,1,0
984,22186,21,0,1,0
313,20110,3389,0,1,0
60,27952,3389,0,1,0
45,8984,22,1,0,1
519,59829,443,0,1,0
51,52393,80,1,0,1
1116,49101,143,0,1,0
73,8443,62367,1,1,0
44,9548,443,1,0,1
476,47705,53,0,1,0
1001,9573,143,0,1,0
41,38169,3389,1,0,1
1099,58594,110,0,1,0
747,52837,443,0,1,0
45,55200,443,1,0,1
74,26815,21,0,1,0
88,5842,443,0,1,0
40,14160,3389,1,0,1
40,23100,3389,1,0,1
51,61732,80,1,0,1
348,51900,3389,0,1,0
70,3389,36174,1,1,0
71,35182,143,0,1,0
1235,7166,25,0,1,0
45,38467,80,1,0,1
49,64164,80,1,0,1
90,56456,80,0,1,0
94,29923,80,0,1,0
73,4291,110,1,0,0
73,25,58883,1,1,0
48,10908,80,1,0,1
49,21898,80,1,0,1
53,62504,80,1,0,1
50,2445,80,1,0,1
51,23385,443,1,0,1
84,10667,993,0,1,0
42,29231,80,1,0,1
76,50026,993,0,1,0
61,39234,8080,1,0,0
91,39220,443,0,1,0
50,34641,80,1,0,1
47,30701,80,1,0,1
43,31195,22,1,0,1
44,21992,80,1,0,1
72,18238,80,1,0,0
54,50834,80,1,0,1
54,6026,80,1,0,1
70,11516,80,1,0,0
46,6091,80,1,0,1
1073,49719,443,0,1,0
79,4456,22,0,1,0
45,14552,3389,1,0,1
51,22492,22,1,0,1
99,12134,993,0,1,0
63,45285,25,1,0,0
45,35342,443,1,0,1
41,40642,80,1,0,1
1439,58541,53,0,1,0
54,1353,80,1,0,1
84,17208,53,0,1,0
40,6230,80,1,0,1
54,48824,443,1,0,1
49,19217,443,1,0,1
41,36478,443,1,0,1
66,8080,55326,1,1,0
54,7804,80,1,0,1
682,40434,80,0,1,0
42,1823,443,1,0,1
1144,6800,25,0,1,0
46,47151,443,1,0,1
458,57939,110,0,1,0
56,14889,22,0,1,0
368,24095,993,0,1,0
42,6998,80,1,0,1
45,58554,22,1,0,1
40,55735,80,1,0,1
681,56244,443,0,1,0
227,65134,8080,0,1,0
574,26019,8443,0,1,0
51,55606,80,1,0,1
48,24440,80,1,0,1
51,23577,80,1,0,1
63,36933,8080,1,0,0
97,53373,25,0,1,0
46,28449,80,1,0,1
95,39441,22,0,1,0
61,4367,53,1,0,0
52,56210,80,1,0,1
332,50086,21,0,1,0
63,25268,143,1,0,0
41,58669,80,1,0,1
1311,41596,25,0,1,0
82,3732,443,0,1,0
44,27933,80,1,0,1
91,58497,25,0,1,0
74,45936,993,1,0,0
72,3389,54355,1,1,0
76,2103,53,0,1,0
42,57059,80,1,0,1
63,48344,53,1,0,0
98,38380,21,0,1,0
70,27450,110,0,1,0
42,12243,80,1,0,1
49,40104,443,1,0,1
832,28437,143,0,1,0
41,19746,80,1,0,1
62,22,42712,1,1,0
44,26695,443,1,0,1
49,42821,443,1,0,1
437,63178,110,0,1,0
52,19910,80,1,0,1
50,22237,443,1,0,1
52,51699,80,1,0,1
97,30375,8443,0,1,0
52,60882,443,1,0,1
74,8080,33112,1,1,0
42,63795,3389,1,0,1
60,39093,80,1,0,0
49,27435,22,1,0,1
41,11384,80,1,0,1
51,47032,80,1,0,1
46,11246,80,1,0,1
63,24313,443,1,0,0
67,110,30216,1,1,0
95,62102,53,0,1,0
89,50863,443,0,1,0
73,4397,993,1,0,0
49,26275,443,1,0,1
730,43383,3389,0,1,0
49,57816,80,1,0,1
1153,54578,8443,0,1,0
54,63644,443,1,0,1
64,80,64966,1,1,0
69,8443,2160,1,1,0
1162,17590,8080,0,1,0
87,31990,22,0,1,0
47,49309,22,1,0,1
43,32760,80,1,0,1
1296,10159,21,0,1,0
65,143,17446,1,1,0
65,51541,80,1,0,0
42,8468,80,1,0,1
64,14140,22,1,0,0
52,42533,443,1,0,1
74,4075,22,1,0,0
52,39240,80,1,0,1
40,45730,80,1,0,1
79,9512,110,0,1,0
488,51148,8443,0,1,0
73,56633,25,1,0,0
81,15646,443,0,1,0
46,4240,22,1,0,1
50,37852,443,1,0,1
267,54598,53,0,1,0
42,25778,80,1,0,1
96,36932,3389,0,1,0
63,34852,110,1,0,0
49,44578,443,1,0,1
689,16836,3389,0,1,0
54,37672,3389,1,0,1
66,37560,993,0,1,0
69,3389,64912,1,1,0
46,54903,443,1,0,1
95,28184,8443,0,1,0
73,3740,53,0,1,0
897,23185,8080,0,1,0
49,52479,443,1,0,1
71,10564,3389,1,0,0
342,59667,8443,0,1,0
51,49648,443,1,0,1
44,6769,80,1,0,1
62,30733,8443,0,1,0
44,49292,80,1,0,1
1140,23029,25,0,1,0
62,57180,53,1,0,0
41,34721,80,1,0,1
40,27795,443,1,0,1
90,28076,22,0,1,0
60,27116,80,1,0,0
52,12465,80,1,0,1
49,35675,3389,1,0,1
43,23486,80,1,0,1
54,41978,3389,1,0,1
62,18773,25,1,0,0
64,80,46563,1,1,0
46,4089,443,1,0,1
45,24401,443,1,0,1
49,27514,443,1,0,1
68,8080,3493,1,1,0
1267,33817,8080,0,1,0
355,64636,25,0,1,0
44,53699,22,1,0,1
45,18848,443,1,0,1
92,50654,22,0,1,0
48,3132,443,1,0,1
68,110,10041,1,1,0
62,46445,443,0,1,0
52,2028,443,1,0,1
64,993,4404,1,1,0
54,8067,22,1,0,1
42,63999,22,1,0,1
598,17767,3389,0,1,0
65,443,59285,1,1,0
69,143,4762,1,1,0
45,43171,443,1,0,1
48,54275,22,1,0,1
54,22405,80,1,0,1
1336,21384,22,0,1,0
53,62193,80,1,0,1
54,22540,443,1,0,1
812,20191,993,0,1,0
1307,21985,25,0,1,0
310,50903,8443,0,1,0
51,15823,443,1,0,1
1142,11709,8080,0,1,0
96,60237,143,0,1,0
46,30696,443,1,0,1
52,38720,80,1,0,1
1429,34779,8443,0,1,0
50,18189,443,1,0,1
48,50749,443,1,0,1
53,6971,80,1,0,1
41,11870,80,1,0,1
51,38025,3389,1,0,1
887,47643,993,0,1,0
41,49343,80,1,0,1
47,44207,443,1,0,1
42,25388,80,1,0,1
41,49798,443,1,0,1
49,4645,80,1,0,1
48,41224,443,1,0,1
54,27647,80,1,0,1
48,62693,443,1,0,1
54,44850,22,1,0,1
881,49637,22,0,1,0
47,2997,443,1,0,1
61,26166,8443,0,1,0
1090,52144,8080,0,1,0
52,37611,80,1,0,1
47,45900,80,1,0,1
69,8443,27316,1,1,0
46,15634,22,1,0,1
359,32945,22,0,1,0
49,19039,443,1,0,1
49,35287,80,1,0,1
85,10289,22,0,1,0
94,55699,53,0,1,0
49,5138,443,1,0,1
43,19667,443,1,0,1
775,5516,53,0,1,0
71,35687,993,1,0,0
54,49653,25,0,1,0
71,24498,143,0,1,0
872,24591,443,0,1,0
45,38576,80,1,0,1
66,39780,8080,1,0,0
73,993,35399,1,1,0
75,25924,21,0,1,0
40,30341,443,1,0,1
64,27665,8443,1,0,0
72,29634,80,0,1,0
1368,4852,143,0,1,0
533,45223,53,0,1,0
1090,43873,143,0,1,0
1021,52122,110,0,1,0
44,22167,80,1,0,1
60,41379,3389,1,0,0
83,18774,110,0,1,0
333,33296,443,0,1,0
99,33752,143,0,1,0
60,8443,14305,1,1,0
528,59672,110,0,1,0
54,4295,80,1,0,1
1230,60562,8443,0,1,0
51,5025,443,1,0,1
57,40206,25,0,1,0
342,3306,8080,0,1,0
49,59750,80,1,0,1
56,26298,143,0,1,0
40,24150,80,1,0,1
220,16517,8443,0,1,0
53,47128,443,1,0,1
82,51518,53,0,1,0
65,6128,110,1,0,0
1214,30820,25,0,1,0
91,20061,53,0,1,0
74,8080,51216,1,1,0
48,40501,3389,1,0,1
67,7715,53,0,1,0
54,36779,21,0,1,0
45,14459,443,1,0,1
45,26170,80,1,0,1
41,47912,443,1,0,1
46,37967,80,1,0,1
66,33598,21,0,1,0
43,35293,443,1,0,1
51,40783,80,1,0,1
69,143,32990,1,1,0
57,21032,53,0,1,0
51,14848,80,1,0,1
47,26435,80,1,0,1
50,20895,80,1,0,1
376,5450,8080,0,1,0
89,56129,25,0,1,0
49,39436,80,1,0,1
689,47631,110,0,1,0
61,47535,8080,0,1,0
51,16724,443,1,0,1
93,18575,993,0,1,0
53,4490,22,1,0,1
1188,54434,8443,0,1,0
47,16882,443,1,0,1
41,18134,3389,1,0,1
50,38314,80,1,0,1
51,4994,443,1,0,1
1332,16257,8443,0,1,0
41,36077,80,1,0,1
91,45456,143,0,1,0
81,29374,3389,0,1,0
72,54668,8080,1,0,0
43,51250,80,1,0,1
43,26239,80,1,0,1
42,42007,443,1,0,1
206,47111,25,0,1,0
45,18314,80,1,0,1
772,57571,993,0,1,0
41,53158,443,1,0,1
68,36801,21,1,0,0
504,60542,80,0,1,0
41,51677,80,1,0,1
46,33020,443,1,0,1
544,21608,80,0,1,0
1209,5682,8443,0,1,0
53,48656,22,1,0,1
635,59418,22,0,1,0
1070,40914,8080,0,1,0
54,18176,80,1,0,1
47,2415,443,1,0,1
696,13959,143,0,1,0
40,16978,80,1,0,1
1312,41510,53,0,1,0
92,61945,8080,0,1,0
903,63021,8443,0,1,0
453,17523,25,0,1,0
50,6615,80,1,0,1
1353,42893,25,0,1,0
1133,21355,443,0,1,0
47,56224,80,1,0,1
44,1280,443,1,0,1
54,50670,993,0,1,0
659,23784,80,0,1,0
53,48597,443,1,0,1
50,34024,22,1,0,1
72,19735,25,1,0,0
81,18034,80,0,1,0
619,29957,3389,0,1,0
73,14878,22,0,1,0
95,10182,143,0,1,0
469,37801,80,0,1,0
1126,31178,80,0,1,0
1055,16539,80,0,1,0
51,17726,443,1,0,1
62,7104,21,0,1,0
64,22,6133,1,1,0
68,39778,110,1,0,0
1076,60420,143,0,1,0
45,57983,80,1,0,1
87,59288,25,0,1,0
88,10220,443,0,1,0
475,38407,110,0,1,0
43,60433,443,1,0,1
748,32283,22,0,1,0
44,44431,443,1,0,1
53,20546,3389,1,0,1
958,39034,22,0,1,0
42,5043,80,1,0,1
1037,17748,53,0,1,0
923,31897,8080,0,1,0
62,55264,3389,1,0,0
45,43700,443,1,0,1
687,19715,21,0,1,0
1073,43880,8080,0,1,0
44,20805,80,1,0,1
51,27821,80,1,0,1
74,5782,80,0,1,0
47,5771,80,1,0,1
49,35899,22,1,0,1
93,6777,993,0,1,0
1416,30832,53,0,1,0
49,54570,443,1,0,1
67,44090,443,0,1,0
64,8080,42676,1,1,0
74,53248,80,1,0,0
46,47942,22,1,0,1
62,2105,22,1,0,0
93,61550,443,0,1,0
51,23844,80,1,0,1
359,22324,21,0,1,0
40,12133,80,1,0,1
78,22066,22,0,1,0
41,22183,443,1,0,1
84,50688,22,0,1,0
42,19097,22,1,0,1
54,35255,80,1,0,1
45,40047,443,1,0,1
44,11070,80,1,0,1
47,25423,443,1,0,1
55,14410,80,0,1,0
1032,14551,443,0,1,0
1401,53940,8080,0,1,0
40,16495,22,1,0,1
61,25076,8080,1,0,0
62,18474,110,1,0,0
48,38912,80,1,0,1
45,3746,80,1,0,1
71,30833,8080,0,1,0
44,21226,3389,1,0,1
1108,15892,443,0,1,0
54,10801,22,1,0,1
51,64102,3389,1,0,1
1214,12209,21,0,1,0
40,37683,80,1,0,1
97,52506,25,0,1,0
67,25,27147,1,1,0
42,63567,80,1,0,1
71,22,58641,1,1,0
70,47376,53,1,0,0
47,54860,80,1,0,1
789,56804,443,0,1,0
42,19751,80,1,0,1
51,25158,80,1,0,1
91,17586,25,0,1,0
1243,45387,8080,0,1,0
48,4598,3389,1,0,1
42,52708,80,1,0,1
70,17562,443,1,0,0
53,5214,443,1,0,1
43,32440,443,1,0,1
69,34348,25,0,1,0
48,5319,80,1,0,1
78,34290,80,0,1,0
41,48201,443,1,0,1
861,1162,80,0,1,0
62,443,59274,1,1,0
53,28591,443,1,0,1
1184,6614,8443,0,1,0
51,50736,80,1,0,1
45,20666,22,1,0,1
1235,4345,3389,0,1,0
82,16498,80,0,1,0
49,37181,22,1,0,1
43,35181,80,1,0,1
1072,22933,80,0,1,0
714,26706,8443,0,1,0
82,49663,8080,0,1,0
53,19149,443,1,0,1
60,22,37148,1,1,0
48,61544,22,1,0,1
49,21091,80,1,0,1
73,29319,993,1,0,0
48,14868,443,1,0,1
53,51124,443,1,0,1
52,30789,80,1,0,1
60,2348,21,1,0,0
48,26063,22,1,0,1
73,13557,80,1,0,0
52,56633,3389,1,0,1
44,49281,443,1,0,1
41,47896,80,1,0,1
42,50632,80,1,0,1
51,35988,80,1,0,1
78,29153,143,0,1,0
943,13745,21,0,1,0
46,44738,443,1,0,1
41,29088,443,1,0,1
52,26878,443,1,0,1
70,61508,80,1,0,0
69,5635,110,1,0,0
49,30873,22,1,0,1
849,61927,80,0,1,0
51,22805,443,1,0,1
40,11556,80,1,0,1
45,12260,80,1,0,1
66,60187,21,1,0,0
49,36389,80,1,0,1
46,47894,80,1,0,1
40,38329,3389,1,0,1
49,32218,80,1,0,1
86,62108,80,0,1,0
46,56208,443,1,0,1
48,7830,443,1,0,1
721,15767,53,0,1,0
60,4530,443,1,0,0
43,41204,80,1,0,1
49,8375,80,1,0,1
42,40056,22,1,0,1
50,48002,80,1,0,1
47,63104,443,1,0,1
47,60895,443,1,0,1
441,14170,53,0,1,0
66,53126,8080,1,0,0
241,2984,993,0,1,0
40,44090,80,1,0,1
58,6998,110,0,1,0
1447,61039,443,0,1,0
71,21080,143,1,0,0
63,143,21444,1,1,0
47,2907,80,1,0,1
53,52963,3389,1,0,1
265,12728,110,0,1,0
1000,51163,80,0,1,0
758,25013,80,0,1,0
54,1320,80,1,0,1
62,1264,443,0,1,0
51,53807,443,1,0,1
51,14442,3389,1,0,1
797,58077,443,0,1,0
52,21036,80,1,0,1
82,38735,993,0,1,0
74,30923,3389,1,0,0
969,9339,53,0,1,0
93,43857,53,0,1,0
52,26945,3389,1,0,1
64,61217,3389,1,0,0
43,50606,443,1,0,1
49,41433,80,1,0,1
57,36252,53,0,1,0
48,40997,80,1,0,1
431,3116,25,0,1,0
53,14888,80,1,0,1
41,9015,443,1,0,1
42,64714,80,1,0,1
50,45464,80,1,0,1
54,48200,80,1,0,1
91,19146,110,0,1,0
41,30679,22,1,0,1
1214,21987,21,0,1,0
95,20609,80,0,1,0
74,3389,38808,1,1,0
66,22,22451,1,1,0
40,30401,80,1,0,1
42,21446,443,1,0,1
76,15769,25,0,1,0
53,2236,443,1,0,1
49,50018,80,1,0,1
274,51637,22,0,1,0
41,27425,443,1,0,1
54,56056,80,1,0,1
74,35201,993,1,0,0
75,24091,25,0,1,0
47,56514,80,1,0,1
98,1925,21,0,1,0
74,59534,3389,1,0,0
49,52456,80,1,0,1
47,45634,80,1,0,1
76,1252,8443,0,1,0
40,10800,443,1,0,1
73,14945,22,0,1,0
71,34615,143,1,0,0
87,57258,443,0,1,0
66,27981,21,0,1,0
889,22850,21,0,1,0
44,19641,80,1,0,1
1182,47116,80,0,1,0
60,29098,22,1,0,0
47,42373,443,1,0,1
98,28836,8443,0,1,0
44,57218,80,1,0,1
80,7473,53,0,1,0
50,21625,80,1,0,1
46,14890,443,1,0,1
54,4259,443,1,0,1
79,7488,22,0,1,0
51,30398,443,1,0,1
80,11328,21,0,1,0
76,31015,3389,0,1,0
61,19324,53,0,1,0
53,5438,443,1,0,1
988,29244,21,0,1,0
44,4956,80,1,0,1
54,23727,80,1,0,1
1396,23214,53,0,1,0
40,43856,80,1,0,1
735,55064,25,0,1,0
54,28384,443,1,0,1
44,18384,80,1,0,1
51,30200,443,1,0,1
43,40421,22,1,0,1
49,61835,3389,1,0,1
54,50974,443,1,0,1
1098,64251,8443,0,1,0
67,8443,52780,1,1,0
52,54256,80,1,0,1
1379,27934,110,0,1,0
355,53805,80,0,1,0
43,52640,443,1,0,1
50,10808,3389,1,0,1
46,49774,443,1,0,1
49,55173,443,1,0,1
71,23523,3389,0,1,0
1389,31486,53,0,1,0
48,9679,443,1,0,1
1262,56750,80,0,1,0
1113,18886,53,0,1,0
45,1451,80,1,0,1
64,48917,993,1,0,0
45,61905,443,1,0,1
42,32565,443,1,0,1
95,47549,3389,0,1,0
42,8256,80,1,0,1
462,34929,143,0,1,0
45,27507,3389,1,0,1
54,26318,443,1,0,1
48,11588,3389,1,0,1
45,31676,443,1,0,1
40,60779,3389,1,0,1
62,5384,25,1,0,0
92,39357,8443,0,1,0
44,32293,80,1,0,1
41,15715,22,1,0,1
292,1217,443,0,1,0
48,43885,80,1,0,1
50,8362,22,1,0,1
40,43711,443,1,0,1
62,52017,443,1,0,0
46,17189,443,1,0,1
42,51930,22,1,0,1
606,61169,53,0,1,0
1221,49712,143,0,1,0
44,22966,443,1,0,1
40,38657,443,1,0,1
694,23214,80,0,1,0
48,45482,80,1,0,1
75,2651,8080,0,1,0
53,37747,3389,1,0,1
48,16191,80,1,0,1
1000,60683,53,0,1,0
43,8171,22,1,0,1
52,30693,80,1,0,1
64,19912,8443,1,0,0
42,39689,80,1,0,1
47,61212,443,1,0,1
40,64949,80,1,0,1
78,3819,3389,0,1,0
98,25682,443,0,1,0
57,18599,143,0,1,0
53,7107,443,1,0,1
66,110,39589,1,1,0
583,39235,53,0,1,0
54,15322,80,1,0,1
88,59779,25,0,1,0
980,18178,143,0,1,0
52,39115,80,1,0,1
1249,8683,8443,0,1,0
47,6416,80,1,0,1
49,34236,22,1,0,1
1335,45269,143,0,1,0
68,24600,25,1,0,0
50,47731,443,1,0,1
47,18124,443,1,0,1
73,21,40365,1,1,0
47,64058,80,1,0,1
1441,45433,22,0,1,0
51,45002,22,1,0,1
66,28797,21,0,1,0
57,5655,110,0,1,0
40,46937,443,1,0,1
40,49181,22,1,0,1
52,39335,22,1,0,1
47,43489,80,1,0,1
53,41668,80,1,0,1
59,30874,8080,0,1,0
45,50403,80,1,0,1
44,20273,443,1,0,1
40,3963,22,1,0,1
50,32945,443,1,0,1
49,22764,80,1,0,1
41,36680,443,1,0,1
49,52523,80,1,0,1
42,20683,80,1,0,1
50,18298,443,1,0,1
68,18948,993,1,0,0
40,28231,22,1,0,1
46,40719,80,1,0,1
63,53,37533,1,1,0
42,59343,80,1,0,1
40,11075,3389,1,0,1
52,55966,80,1,0,1
66,15093,110,1,0,0
654,21560,25,0,1,0
41,27040,80,1,0,1
73,30535,21,0,1,0
46,52006,3389,1,0,1
45,49607,3389,1,0,1
506,16473,3389,0,1,0
48,63194,443,1,0,1
97,24134,80,0,1,0
48,8963,443,1,0,1
485,47864,110,0,1,0
1209,37633,443,0,1,0
51,13902,443,1,0,1
44,23355,443,1,0,1
92,4249,8443,0,1,0
585,37105,443,0,1,0
46,31578,443,1,0,1
43,14897,443,1,0,1
53,1864,3389,1,0,1
45,27532,443,1,0,1
40,7301,443,1,0,1
54,6925,80,1,0,1
65,110,50862,1,1,0
40,51917,80,1,0,1
46,31800,80,1,0,1
68,27282,25,1,0,0
43,39976,22,1,0,1
59,3145,21,0,1,0
42,62830,80,1,0,1
52,31340,80,1,0,1
79,19581,143,0,1,0
1282,31819,22,0,1,0
1297,45641,25,0,1,0
903,12405,21,0,1,0
40,50256,443,1,0,1
45,22819,443,1,0,1
75,46225,110,0,1,0
40,44099,443,1,0,1
92,6202,21,0,1,0
66,9948,80,1,0,0
64,33354,443,0,1,0
73,41443,22,1,0,0
321,25394,53,0,1,0
47,14335,443,1,0,1
42,3445,22,1,0,1
53,28204,80,1,0,1
46,22324,443,1,0,1
54,37894,443,1,0,1
49,39586,443,1,0,1
63,34973,21,0,1,0
426,28832,8080,0,1,0
450,60895,8080,0,1,0
43,59340,80,1,0,1
78,35910,53,0,1,0
65,5801,143,1,0,0
45,13312,80,1,0,1
45,8216,443,1,0,1
90,5345,80,0,1,0
65,49698,22,0,1,0
49,26000,80,1,0,1
50,48382,443,1,0,1
44,11275,443,1,0,1
49,41605,80,1,0,1
81,41568,3389,0,1,0
92,34458,21,0,1,0
1061,59237,53,0,1,0
53,42456,80,1,0,1
1298,6475,80,0,1,0
76,55894,22,0,1,0
98,51209,21,0,1,0
78,8321,25,0,1,0
350,5057,53,0,1,0
50,23718,80,1,0,1
1449,50138,3389,0,1,0
59,48946,3389,0,1,0
60,62954,3389,0,1,0
65,5772,8080,1,0,0
996,13767,8080,0,1,0
1130,8190,110,0,1,0
69,3389,61755,1,1,0
65,53686,3389,0,1,0
829,58193,8080,0,1,0
59,41091,25,0,1,0
40,60274,3389,1,0,1
61,37654,22,0,1,0
44,47053,443,1,0,1
50,16469,80,1,0,1
75,29991,993,0,1,0
46,21280,3389,1,0,1
41,49950,443,1,0,1
88,61147,21,0,1,0
47,22043,80,1,0,1
51,56918,80,1,0,1
53,14337,443,1,0,1
1147,38553,21,0,1,0
79,8060,8080,0,1,0
92,53616,21,0,1,0
1382,61082,110,0,1,0
78,43248,3389,0,1,0
43,56247,80,1,0,1
51,4433,80,1,0,1
51,62475,443,1,0,1
46,6962,80,1,0,1
1019,53813,80,0,1,0
1036,39894,21,0,1,0
78,29046,53,0,1,0
62,17598,22,0,1,0
92,18089,993,0,1,0
490,12196,53,0,1,0
54,9332,80,1,0,1
50,7908,443,1,0,1
93,24512,8080,0,1,0
71,14145,8443,1,0,0
63,12384,3389,0,1,0
51,51836,443,1,0,1
963,37212,110,0,1,0
52,64107,80,1,0,1
574,55269,3389,0,1,0
43,49872,443,1,0,1
41,4873,443,1,0,1
68,52591,3389,0,1,0
49,17964,80,1,0,1
62,14692,80,0,1,0
53,47689,80,1,0,1
85,60699,8443,0,1,0
53,1622,80,1,0,1
70,2566,8080,1,0,0
1039,23625,53,0,1,0
50,45749,80,1,0,1
51,59485,3389,1,0,1
40,57424,443,1,0,1
46,65349,22,1,0,1
680,43180,8443,0,1,0
682,38250,22,0,1,0
44,20309,443,1,0,1
40,41101,80,1,0,1
49,58620,80,1,0,1
60,40919,22,0,1,0
98,31975,3389,0,1,0
43,44395,80,1,0,1
48,9799,3389,1,0,1
79,36709,110,0,1,0
1100,12614,8443,0,1,0
71,48304,3389,1,0,0
598,17947,25,0,1,0
43,45915,80,1,0,1
72,21942,110,0,1,0
93,57385,80,0,1,0
795,44815,110,0,1,0
67,24156,80,1,0,0
47,19985,443,1,0,1
57,10214,993,0,1,0
43,15464,80,1,0,1
1061,45626,8443,0,1,0
52,58810,80,1,0,1
88,33137,443,0,1,0
48,24893,3389,1,0,1
861,25556,21,0,1,0
330,2140,80,0,1,0
1444,2402,8080,0,1,0
50,51077,443,1,0,1
40,60059,22,1,0,1
43,62884,22,1,0,1
46,43442,443,1,0,1
44,3338,80,1,0,1
44,18169,80,1,0,1
71,23711,22,1,0,0
66,143,10232,1,1,0
48,22981,80,1,0,1
1198,31427,22,0,1,0
60,65408,110,0,1,0
351,27536,25,0,1,0
45,58502,443,1,0,1
41,65401,80,1,0,1
94,4799,3389,0,1,0
57,56763,53,0,1,0
74,40758,110,1,0,0
72,993,53331,1,1,0
74,4444,8443,1,0,0
51,9233,443,1,0,1
63,110,34766,1,1,0
67,1325,25,1,0,0
710,9234,3389,0,1,0
65,48575,8443,0,1,0
44,24721,443,1,0,1
950,23991,443,0,1,0
90,30694,8080,0,1,0
72,47271,443,1,0,0
52,44249,443,1,0,1
760,16872,993,0,1,0
64,52904,8080,0,1,0
48,47740,80,1,0,1
82,52396,53,0,1,0
53,58839,443,1,0,1
51,44617,443,1,0,1
62,62007,21,0,1,0
1369,19180,993,0,1,0
40,9461,443,1,0,1
94,1202,143,0,1,0
98,16448,25,0,1,0
42,25765,80,1,0,1
1303,28127,110,0,1,0
48,31984,80,1,0,1
40,37355,443,1,0,1
52,56303,443,1,0,1
69,5263,3389,0,1,0
96,27050,80,0,1,0
41,24268,22,1,0,1
646,44393,443,0,1,0
92,3183,993,0,1,0
45,52372,443,1,0,1
83,39209,25,0,1,0
42,48679,80,1,0,1
53,59459,80,1,0,1
733,23760,993,0,1,0
54,11339,80,1,0,1
74,48228,443,0,1,0
266,65410,80,0,1,0
48,4712,80,1,0,1
68,27168,443,1,0,0
61,13063,80,1,0,0
1406,43862,110,0,1,0
52,58009,80,1,0,1
41,57385,80,1,0,1
47,6688,3389,1,0,1
72,19101,993,1,0,0
1210,37727,143,0,1,0
93,28696,8080,0,1,0
54,15707,443,1,0,1
45,47757,22,1,0,1
84,6754,8443,0,1,0
52,24094,443,1,0,1
44,4771,80,1,0,1
46,63429,3389,1,0,1
44,1789,80,1,0,1
43,27439,80,1,0,1
89,56142,443,0,1,0
1168,62059,80,0,1,0
1130,43989,53,0,1,0
51,63556,443,1,0,1
52,40075,22,1,0,1
44,60924,3389,1,0,1
51,3994,443,1,0,1
68,25418,8443,1,0,0
40,31806,443,1,0,1
82,32358,22,0,1,0
47,42811,443,1,0,1
46,18672,80,1,0,1
67,8080,50732,1,1,0
49,29417,80,1,0,1
64,30616,22,1,0,0
73,80,11420,1,1,0
74,37232,22,1,0,0
78,36549,3389,0,1,0
1163,29777,53,0,1,0
47,19349,80,1,0,1
62,57783,110,0,1,0
46,18069,80,1,0,1
46,45488,80,1,0,1
45,18400,443,1,0,1
51,29530,443,1,0,1
60,4138,143,0,1,0
54,1589,80,1,0,1
68,30727,443,0,1,0
69,7321,443,0,1,0
64,39522,3389,0,1,0
827,56859,443,0,1,0
98,58787,80,0,1,0
52,49841,80,1,0,1
40,36127,3389,1,0,1
79,24146,3389,0,1,0
72,443,64644,1,1,0
41,44078,22,1,0,1
49,18021,22,1,0,1
50,18524,80,1,0,1
45,60718,80,1,0,1
52,1583,80,1,0,1
51,21502,443,1,0,1
67,3960,21,0,1,0
72,80,51109,1,1,0
52,59265,443,1,0,1
62,3389,63874,1,1,0
54,25906,443,1,0,1
342,19817,110,0,1,0
41,52338,443,1,0,1
61,24572,53,1,0,0
397,28630,80,0,1,0
98,16503,8443,0,1,0
44,31589,80,1,0,1
791,60180,3389,0,1,0
43,59832,443,1,0,1
1309,6398,21,0,1,0
811,13448,443,0,1,0
40,46302,22,1,0,1
43,28727,443,1,0,1
44,26043,80,1,0,1
50,56358,80,1,0,1
44,6253,22,1,0,1
67,24644,21,0,1,0
54,19780,80,1,0,1
52,14960,22,1,0,1
41,24063,3389,1,0,1
87,56854,25,0,1,0
51,48104,443,1,0,1
67,9332,110,1,0,0
52,44522,443,1,0,1
61,30887,110,0,1,0
55,22316,80,0,1,0
46,5539,80,1,0,1
48,22085,443,1,0,1
40,6178,443,1,0,1
50,8276,80,1,0,1
51,47134,443,1,0,1
47,12522,443,1,0,1
49,23438,443,1,0,1
1181,59677,8080,0,1,0
96,46227,8443,0,1,0
46,24824,3389,1,0,1
55,29410,53,0,1,0
902,8319,22,0,1,0
354,16930,80,0,1,0
50,53131,443,1,0,1
54,41049,21,0,1,0
54,42699,80,1,0,1
90,20704,53,0,1,0
48,4538,3389,1,0,1
50,43323,443,1,0,1
1058,30559,143,0,1,0
49,53987,443,1,0,1
42,39797,80,1,0,1
95,11915,8080,0,1,0
50,38645,443,1,0,1
355,60258,22,0,1,0
48,12346,80,1,0,1
52,47964,80,1,0,1
72,55717,3389,1,0,0
60,36530,8080,1,0,0
358,41403,22,0,1,0
85,29115,53,0,1,0
43,28150,443,1,0,1
54,21078,80,1,0,1
315,1802,443,0,1,0
69,52161,80,0,1,0
47,45745,443,1,0,1
65,8080,12449,1,1,0
68,39518,25,1,0,0
725,53550,8443,0,1,0
40,24171,80,1,0,1
54,46373,25,0,1,0
468,45278,3389,0,1,0
48,10576,443,1,0,1
54,25493,3389,1,0,1
49,15571,443,1,0,1
63,21,12560,1,1,0
45,47652,443,1,0,1
54,60969,443,1,0,1
67,44264,443,0,1,0
46,41842,3389,1,0,1
52,58500,443,1,0,1
75,30269,143,0,1,0
51,57387,3389,1,0,1
472,47125,993,0,1,0
1405,27877,8443,0,1,0
95,15928,53,0,1,0
74,18221,993,0,1,0
40,12003,80,1,0,1
54,51134,80,1,0,1
67,24827,8080,1,0,0
73,59585,110,1,0,0
53,15364,80,1,0,1
93,3183,110,0,1,0
956,11317,143,0,1,0
53,53243,22,1,0,1
44,47142,80,1,0,1
52,62300,443,1,0,1
46,49092,443,1,0,1
41,19408,80,1,0,1
71,26495,80,1,0,0
58,40279,80,0,1,0
40,13721,443,1,0,1
53,64023,443,1,0,1
1385,2781,443,0,1,0
50,21067,80,1,0,1
48,29436,443,1,0,1
42,5870,80,1,0,1
1307,34134,993,0,1,0
55,62102,25,0,1,0
69,1723,53,1,0,0
1020,63986,80,0,1,0
410,27980,25,0,1,0
44,5565,80,1,0,1
71,35874,143,1,0,0
47,51492,22,1,0,1
43,12268,80,1,0,1
735,55144,443,0,1,0
92,27643,110,0,1,0
318,56308,8443,0,1,0
45,16789,80,1,0,1
81,54989,8080,0,1,0
42,63805,443,1,0,1
51,30190,22,1,0,1
47,55102,80,1,0,1
49,56210,80,1,0,1
53,28683,80,1,0,1
57,64167,25,0,1,0
68,8443,27729,1,1,0
79,54669,22,0,1,0
51,4862,80,1,0,1
49,31123,80,1,0,1
1325,19824,3389,0,1,0
49,33785,80,1,0,1
51,31452,443,1,0,1
67,143,6650,1,1,0
42,43020,443,1,0,1
73,61662,443,1,0,0
52,60591,443,1,0,1
97,6422,8080,0,1,0
99,13376,8080,0,1,0
664,21644,993,0,1,0
48,9089,443,1,0,1
61,21,22778,1,1,0
88,20607,3389,0,1,0
45,54887,80,1,0,1
40,36307,443,1,0,1
1155,13473,80,0,1,0
44,17935,3389,1,0,1
40,1658,3389,1,0,1
45,44931,22,1,0,1
46,42948,443,1,0,1
465,41721,53,0,1,0
40,48685,80,1,0,1
598,39659,53,0,1,0
50,28700,3389,1,0,1
47,64193,80,1,0,1
49,36501,443,1,0,1
55,2016,80,0,1,0
46,29048,443,1,0,1
46,44880,22,1,0,1
50,9744,3389,1,0,1
745,31551,53,0,1,0
54,57028,80,1,0,1
53,23183,443,1,0,1
57,53736,3389,0,1,0
68,48054,443,1,0,0
42,8307,80,1,0,1
53,45348,3389,1,0,1
1282,4335,21,0,1,0
861,44379,21,0,1,0
43,21591,80,1,0,1
1289,42454,80,0,1,0
983,15876,3389,0,1,0
71,110,52559,1,1,0
53,15505,80,1,0,1
94,13779,110,0,1,0
46,23415,443,1,0,1
97,34097,21,0,1,0
1233,11231,80,0,1,0
1118,6487,143,0,1,0
52,27353,443,1,0,1
74,143,24289,1,1,0
43,50244,22,1,0,1
43,11583,80,1,0,1
51,58190,443,1,0,1
50,28339,80,1,0,1
54,38723,22,1,0,1
41,15208,3389,1,0,1
41,35202,443,1,0,1
54,30228,443,1,0,1
52,37883,443,1,0,1
60,21,48861,1,1,0
41,30778,80,1,0,1
73,54799,53,0,1,0
44,58459,3389,1,0,1
97,8390,3389,0,1,0
459,37436,143,0,1,0
49,60749,443,1,0,1
47,64868,22,1,0,1
446,39429,8080,0,1,0
847,40943,22,0,1,0
1454,52175,3389,0,1,0
43,47577,22,1,0,1
64,22,19112,1,1,0
871,4890,993,0,1,0
61,25,64236,1,1,0
51,16950,80,1,0,1
537,24568,80,0,1,0
914,19538,80,0,1,0
48,17504,80,1,0,1
96,21735,25,0,1,0
49,63668,80,1,0,1
513,63369,21,0,1,0
708,44195,3389,0,1,0
64,38357,3389,0,1,0
87,40954,22,0,1,0
832,56802,21,0,1,0
53,34860,80,1,0,1
1235,29718,53,0,1,0
47,31368,3389,1,0,1
49,18706,443,1,0,1
93,37966,80,0,1,0
945,4768,80,0,1,0
51,33567,443,1,0,1
52,64488,22,1,0,1
64,22,58762,1,1,0
46,45895,80,1,0,1
1293,43285,53,0,1,0
48,45094,80,1,0,1
52,27044,443,1,0,1
76,3172,21,0,1,0
44,22719,3389,1,0,1
45,62786,22,1,0,1
95,15702,25,0,1,0
693,37153,25,0,1,0
98,44282,110,0,1,0
975,11606,8080,0,1,0
41,13525,80,1,0,1
48,28031,443,1,0,1
74,52399,80,0,1,0
52,29954,80,1,0,1
42,27040,80,1,0,1
43,58913,80,1,0,1
67,10228,443,1,0,0
42,63526,443,1,0,1
48,51545,80,1,0,1
60,16347,22,0,1,0
70,22,29565,1,1,0
774,40145,8080,0,1,0
70,63511,21,0,1,0
40,48727,80,1,0,1
50,42027,80,1,0,1
72,42483,22,1,0,0
54,45183,80,1,0,1
48,49914,80,1,0,1
793,16062,80,0,1,0
45,17508,22,1,0,1
60,3389,58389,1,1,0
50,42703,80,1,0,1
52,2997,22,1,0,1
40,3353,80,1,0,1
71,6864,8443,0,1,0
76,21494,143,0,1,0
52,55840,3389,1,0,1
41,50776,80,1,0,1
48,62166,443,1,0,1
47,35212,80,1,0,1
40,24076,443,1,0,1
92,43354,25,0,1,0
49,40185,80,1,0,1
48,61743,80,1,0,1
782,26623,110,0,1,0
44,44487,443,1,0,1
830,12850,25,0,1,0
94,39615,8080,0,1,0
59,62631,443,0,1,0
64,48790,8443,0,1,0
50,12569,443,1,0,1
74,53,49314,1,1,0
82,33793,143,0,1,0
48,32639,22,1,0,1
65,21,50292,1,1,0
62,26313,3389,1,0,0
40,25008,80,1,0,1
1334,32355,8443,0,1,0
511,34563,25,0,1,0
43,47898,443,1,0,1
54,65118,80,1,0,1
67,143,8837,1,1,0
64,33117,21,1,0,0
73,45506,25,1,0,0
51,36798,443,1,0,1
1036,61972,22,0,1,0
43,7253,443,1,0,1
42,2916,443,1,0,1
95,8123,993,0,1,0
48,21820,22,1,0,1
78,62284,3389,0,1,0
413,17256,53,0,1,0
98,28149,143,0,1,0
50,54958,22,1,0,1
51,1589,22,1,0,1
42,4598,22,1,0,1
72,31046,3389,0,1,0
50,34329,3389,1,0,1
1367,17414,3389,0,1,0
54,4172,3389,1,0,1
52,3298,22,1,0,1
54,37023,443,1,0,1
50,5174,443,1,0,1
72,57501,443,0,1,0
41,27270,80,1,0,1
42,47360,80,1,0,1
1243,55599,993,0,1,0
69,7245,53,0,1,0
54,8977,80,1,0,1
48,52604,80,1,0,1
341,52968,443,0,1,0
1065,5402,993,0,1,0
46,58837,22,1,0,1
486,47652,21,0,1,0
49,56348,443,1,0,1
61,6510,53,1,0,0
54,7961,21,0,1,0
50,14903,80,1,0,1
48,49372,443,1,0,1
1436,33816,22,0,1,0
1066,38461,8443,0,1,0
76,6293,53,0,1,0
909,27696,53,0,1,0
99,55982,53,0,1,0
44,21496,22,1,0,1
50,62389,443,1,0,1
54,4023,22,1,0,1
94,60668,8443,0,1,0
53,17399,80,1,0,1
48,30478,80,1,0,1
54,29395,80,1,0,1
1121,56884,8443,0,1,0
40,47672,80,1,0,1
85,55994,53,0,1,0
91,9358,443,0,1,0
82,4744,22,0,1,0
53,32613,80,1,0,1
51,35317,443,1,0,1
48,39622,443,1,0,1
53,64312,80,1,0,1
83,60762,8443,0,1,0
49,50801,443,1,0,1
50,38113,80,1,0,1
52,27115,3389,1,0,1
48,31940,22,1,0,1
40,53023,80,1,0,1
52,16859,80,1,0,1
64,35109,22,0,1,0
47,50960,80,1,0,1
49,15045,80,1,0,1
838,56267,8080,0,1,0
45,58001,443,1,0,1
42,6191,80,1,0,1
56,51316,8080,0,1,0
66,22,14531,1,1,0
885,29302,993,0,1,0
40,25992,3389,1,0,1
40,11608,80,1,0,1
41,18795,443,1,0,1
44,25098,443,1,0,1
43,64334,80,1,0,1
45,54763,80,1,0,1
45,1656,443,1,0,1
74,443,38335,1,1,0
52,29512,22,1,0,1
45,18223,80,1,0,1
80,41788,53,0,1,0
64,25,34154,1,1,0
50,48471,80,1,0,1
497,55722,21,0,1,0
1443,59107,993,0,1,0
935,32729,25,0,1,0
597,38236,3389,0,1,0
1205,15997,21,0,1,0
57,50202,21,0,1,0
61,16226,443,1,0,0
60,8080,31039,1,1,0
50,23578,443,1,0,1
44,63767,443,1,0,1
44,38060,80,1,0,1
234,12117,8080,0,1,0
67,9011,22,1,0,0
41,47218,80,1,0,1
50,17076,80,1,0,1
48,27333,80,1,0,1
49,49151,443,1,0,1
71,993,4366,1,1,0
53,9405,80,1,0,1
52,24155,80,1,0,1
47,51714,22,1,0,1
788,60869,8080,0,1,0
752,59581,443,0,1,0
50,9269,80,1,0,1
42,30738,80,1,0,1
40,17824,80,1,0,1
70,32240,993,1,0,0
51,26041,80,1,0,1
48,38385,443,1,0,1
66,38076,110,0,1,0
84,9826,443,0,1,0
54,20275,22,1,0,1
49,7728,443,1,0,1
54,24791,443,1,0,1
40,13720,80,1,0,1
622,52383,53,0,1,0
1390,21562,110,0,1,0
42,2533,80,1,0,1
71,21,34363,1,1,0
46,46972,80,1,0,1
42,51322,443,1,0,1
46,65250,443,1,0,1
534,47570,110,0,1,0
70,28305,22,0,1,0
99,43535,8443,0,1,0
45,52951,80,1,0,1
41,15700,80,1,0,1
348,6522,22,0,1,0
943,6913,8080,0,1,0
86,28338,53,0,1,0
54,8966,443,1,0,1
47,62780,80,1,0,1
97,54488,3389,0,1,0
41,63628,22,1,0,1
48,29078,80,1,0,1
53,38997,443,1,0,1
58,5847,22,0,1,0
73,143,49898,1,1,0
76,50554,443,0,1,0
40,18658,443,1,0,1
924,55134,993,0,1,0
65,8443,43558,1,1,0
99,54879,110,0,1,0
49,46504,443,1,0,1
42,61285,22,1,0,1
42,15291,80,1,0,1
834,3068,80,0,1,0
52,16632,22,1,0,1
242,36347,3389,0,1,0
63,42529,110,0,1,0
66,46567,21,1,0,0
48,34116,443,1,0,1
1095,49885,53,0,1,0
83,21486,143,0,1,0
40,64846,80,1,0,1
45,4172,80,1,0,1
54,15701,443,1,0,1
96,7592,110,0,1,0
1044,57770,25,0,1,0
44,37390,80,1,0,1
61,993,22760,1,1,0
1013,45629,143,0,1,0
80,18720,22,0,1,0
72,22160,8443,1,0,0
49,3604,443,1,0,1
49,36818,22,1,0,1
47,33523,443,1,0,1
61,26185,25,0,1,0
1292,63753,22,0,1,0
57,50060,21,0,1,0
71,36271,443,1,0,0
1390,28758,3389,0,1,0
40,9545,80,1,0,1
66,3389,40134,1,1,0
49,49566,443,1,0,1
72,25,12963,1,1,0
44,43703,443,1,0,1
60,45835,143,1,0,0
49,3010,80,1,0,1
51,23099,80,1,0,1
1207,43927,993,0,1,0
85,38227,22,0,1,0
44,37319,22,1,0,1
201,27191,80,0,1,0
65,39272,8443,0,1,0
97,20961,53,0,1,0
1381,49675,993,0,1,0
63,7126,110,1,0,0
44,47046,80,1,0,1
49,49815,443,1,0,1
46,2549,22,1,0,1
51,6137,443,1,0,1
1370,43557,8080,0,1,0
40,58458,80,1,0,1
54,28742,80,1,0,1
40,54702,443,1,0,1
868,35566,21,0,1,0
45,50516,80,1,0,1
63,61914,53,1,0,0
41,13358,443,1,0,1
70,43567,143,0,1,0
69,993,63138,1,1,0
45,41026,443,1,0,1
1183,31455,8080,0,1,0
818,53419,8080,0,1,0
47,11097,443,1,0,1
45,46721,80,1,0,1
1091,61054,22,0,1,0
42,22448,80,1,0,1
81,20065,110,0,1,0
54,44051,443,1,0,1
43,17083,80,1,0,1
44,10204,22,1,0,1
680,27509,143,0,1,0
50,47127,80,1,0,1
43,3443,443,1,0,1
1233,65202,22,0,1,0
41,64676,80,1,0,1
50,57031,443,1,0,1
581,49957,80,0,1,0
43,18742,80,1,0,1
66,54246,8080,1,0,0
53,35132,80,1,0,1
1231,18001,53,0,1,0
48,40476,443,1,0,1
52,5356,80,1,0,1
75,64680,80,0,1,0
47,29096,80,1,0,1
44,42896,80,1,0,1
41,17675,443,1,0,1
72,16720,443,0,1,0
70,52652,993,0,1,0
69,16362,21,1,0,0
49,2840,80,1,0,1
55,49498,110,0,1,0
41,3987,22,1,0,1
62,28146,3389,1,0,0
49,8423,22,1,0,1
50,10918,80,1,0,1
389,25059,443,0,1,0
52,61148,80,1,0,1
991,40803,80,0,1,0
51,4170,80,1,0,1
49,50035,80,1,0,1
50,24793,443,1,0,1
1052,42016,110,0,1,0
43,41137,80,1,0,1
46,52040,80,1,0,1
272,37599,443,0,1,0
55,1539,143,0,1,0
1371,45748,110,0,1,0
41,38321,80,1,0,1
79,41461,443,0,1,0
47,56213,80,1,0,1
45,5383,80,1,0,1
51,26481,443,1,0,1
53,52073,80,1,0,1
45,39189,80,1,0,1
42,38829,22,1,0,1
98,46784,53,0,1,0
52,14652,80,1,0,1
48,40408,3389,1,0,1
51,4560,3389,1,0,1
72,8080,31702,1,1,0
63,16329,3389,1,0,0
42,6937,22,1,0,1
48,32592,80,1,0,1
46,62184,80,1,0,1
53,18526,443,1,0,1
419,55861,25,0,1,0
49,21757,443,1,0,1
42,28233,3389,1,0,1
66,22517,53,0,1,0
88,48139,3389,0,1,0
73,58220,80,0,1,0
67,110,50493,1,1,0
1181,45547,110,0,1,0
543,32155,53,0,1,0
55,13885,143,0,1,0
43,8797,80,1,0,1
60,30329,443,1,0,0
50,14478,80,1,0,1
74,39352,25,0,1,0
220,22305,21,0,1,0
99,25724,993,0,1,0
61,25,63332,1,1,0
1047,43760,8080,0,1,0
55,36942,80,0,1,0
54,58419,443,1,0,1
51,56683,443,1,0,1
487,62540,110,0,1,0
46,13955,3389,1,0,1
60,3389,22754,1,1,0
43,23751,443,1,0,1
1211,44920,993,0,1,0
72,38244,993,1,0,0
77,60862,53,0,1,0
63,18142,8443,0,1,0
50,23947,80,1,0,1
201,52655,8443,0,1,0
51,8572,3389,1,0,1
44,8926,443,1,0,1
46,37904,443,1,0,1
66,33604,80,1,0,0
49,38872,443,1,0,1
42,7068,443,1,0,1
46,49077,80,1,0,1
787,22753,22,0,1,0
66,1084,53,0,1,0
797,56692,110,0,1,0
44,13658,80,1,0,1
44,18885,443,1,0,1
42,6727,3389,1,0,1
40,15342,80,1,0,1
1131,20859,25,0,1,0
54,48747,443,1,0,1
45,57278,22,1,0,1
51,57149,80,1,0,1
70,7796,53,0,1,0
61,443,31731,1,1,0
49,2650,80,1,0,1
54,33387,443,0,1,0
46,38053,80,1,0,1
780,63531,443,0,1,0
50,8424,22,1,0,1
48,58656,80,1,0,1
1353,40876,21,0,1,0
53,50136,80,1,0,1
46,28394,80,1,0,1
240,8890,8443,0,1,0
53,30516,80,1,0,1
41,50865,3389,1,0,1
54,26812,80,1,0,1
48,45315,80,1,0,1
41,56089,443,1,0,1
46,11780,80,1,0,1
53,49017,443,1,0,1
64,60896,8080,0,1,0
60,993,35474,1,1,0
52,41233,22,1,0,1
54,50930,443,1,0,1
42,16209,80,1,0,1
51,58231,443,1,0,1
46,51597,80,1,0,1
54,50434,22,1,0,1
46,60964,80,1,0,1
72,21,16275,1,1,0
291,52995,53,0,1,0
41,38473,80,1,0,1
61,7415,443,0,1,0
44,20948,443,1,0,1
1322,25069,25,0,1,0
43,17431,80,1,0,1
53,61127,80,1,0,1
69,57192,143,0,1,0
49,56780,80,1,0,1
54,49908,80,1,0,1
69,29730,80,0,1,0
430,44432,143,0,1,0
362,32152,25,0,1,0
51,41436,443,1,0,1
42,63819,80,1,0,1
50,33380,80,1,0,1
45,16174,22,1,0,1
44,46478,443,1,0,1
48,23794,443,1,0,1
45,1586,443,1,0,1
54,60237,993,0,1,0
54,8547,80,1,0,1
1067,54069,22,0,1,0
95,45267,143,0,1,0
67,1239,8080,0,1,0
42,23128,443,1,0,1
53,10409,22,1,0,1
1052,14791,143,0,1,0
53,24017,22,1,0,1
1163,21408,25,0,1,0
46,46686,443,1,0,1
48,30342,443,1,0,1
1293,3769,80,0,1,0
879,39482,21,0,1,0
43,62908,80,1,0,1
47,12745,80,1,0,1
70,22,2031,1,1,0
81,12986,80,0,1,0
1066,9357,22,0,1,0
437,55262,80,0,1,0
54,6956,3389,1,0,1
72,41182,21,1,0,0
45,36978,443,1,0,1
533,7820,22,0,1,0
43,18553,443,1,0,1
74,443,21719,1,1,0
1377,64145,443,0,1,0
52,64332,80,1,0,1
99,2844,53,0,1,0
43,63495,443,1,0,1
48,6516,80,1,0,1
1342,19995,443,0,1,0
90,48052,8080,0,1,0
79,29084,143,0,1,0
1350,65070,143,0,1,0
49,64389,80,1,0,1
46,59649,443,1,0,1
73,45090,3389,0,1,0
50,28499,3389,1,0,1
49,47061,80,1,0,1
52,1466,443,1,0,1
64,24073,25,1,0,0
49,44229,443,1,0,1
97,36364,443,0,1,0
48,25212,80,1,0,1
51,39516,22,1,0,1
43,52691,443,1,0,1
45,37869,443,1,0,1
61,14831,22,1,0,0
53,61446,443,1,0,1
44,1615,443,1,0,1
969,63575,21,0,1,0
55,39674,8443,0,1,0
99,5294,993,0,1,0
41,62620,80,1,0,1
52,42214,22,1,0,1
92,63220,22,0,1,0
71,62483,143,1,0,0
41,32848,22,1,0,1
77,56155,22,0,1,0
45,36637,22,1,0,1
73,993,63810,1,1,0
65,40105,993,1,0,0
48,5300,443,1,0,1
41,22892,22,1,0,1
49,23173,80,1,0,1
1108,53449,3389,0,1,0
580,38442,3389,0,1,0
60,22388,993,1,0,0
1167,13360,993,0,1,0
1193,4826,22,0,1,0
43,64856,443,1,0,1
50,58640,80,1,0,1
51,45135,443,1,0,1
43,61692,80,1,0,1
1325,35420,25,0,1,0
84,51995,21,0,1,0
45,22416,80,1,0,1
66,30399,80,1,0,0
43,51454,443,1,0,1
43,47457,80,1,0,1
482,56644,21,0,1,0
42,23137,80,1,0,1
46,24110,3389,1,0,1
56,59830,53,0,1,0
46,8420,80,1,0,1
1226,51607,3389,0,1,0
52,5635,80,1,0,1
49,56611,80,1,0,1
1411,14348,110,0,1,0
86,53175,22,0,1,0
41,7435,80,1,0,1
72,12117,21,1,0,0
46,47538,443,1,0,1
1070,50836,53,0,1,0
78,54663,443,0,1,0
1456,47178,21,0,1,0
41,4089,80,1,0,1
745,30242,8443,0,1,0
91,36513,143,0,1,0
63,36921,21,0,1,0
97,40473,53,0,1,0
63,39328,993,1,0,0
56,29403,25,0,1,0
71,21887,8080,0,1,0
60,143,3377,1,1,0
87,41181,8080,0,1,0
40,48138,443,1,0,1
77,53257,993,0,1,0
66,443,4117,1,1,0
42,46292,3389,1,0,1
50,18182,443,1,0,1
46,10007,3389,1,0,1
501,45476,21,0,1,0
580,14015,25,0,1,0
845,37459,25,0,1,0
52,54404,80,1,0,1
53,18088,443,1,0,1
66,36393,443,0,1,0
69,56793,8443,1,0,0
812,52122,8080,0,1,0
1013,50377,25,0,1,0
80,47064,110,0,1,0
77,10967,8080,0,1,0
65,15669,3389,0,1,0
1151,45038,110,0,1,0
62,443,42897,1,1,0
62,15295,143,0,1,0
54,55143,22,1,0,1
47,50753,22,1,0,1
54,57912,3389,1,0,1
46,54550,80,1,0,1
486,55107,25,0,1,0
45,50087,443,1,0,1
49,53382,443,1,0,1
72,26807,8080,0,1,0
52,10131,443,1,0,1
61,33359,8443,0,1,0
788,55330,80,0,1,0
691,52398,443,0,1,0
60,15122,143,1,0,0
97,51641,443,0,1,0
46,55297,80,1,0,1
51,10204,80,1,0,1
47,11289,443,1,0,1
46,19606,80,1,0,1
54,52598,3389,1,0,1
74,8443,41083,1,1,0
51,11591,22,1,0,1
43,29836,80,1,0,1
53,30479,3389,1,0,1
49,33831,80,1,0,1
52,21125,80,1,0,1
45,63692,443,1,0,1
729,3824,110,0,1,0
